,tenure,MonthlyCharges,TotalCharges,gender_Male,SeniorCitizen_Yes,Partner_Yes,Dependents_Yes,PhoneService_Yes,MultipleLines_No phone service,MultipleLines_Yes,InternetService_Fiber optic,InternetService_No,OnlineSecurity_No internet service,OnlineSecurity_Yes,OnlineBackup_No internet service,OnlineBackup_Yes,DeviceProtection_No internet service,DeviceProtection_Yes,TechSupport_No internet service,TechSupport_Yes,StreamingTV_No internet service,StreamingTV_Yes,StreamingMovies_No internet service,StreamingMovies_Yes,Contract_One year,Contract_Two year,PaperlessBilling_Yes,PaymentMethod_Credit card (automatic),PaymentMethod_Electronic check,PaymentMethod_Mailed check,Churn_Yes
262,0.7887323943661972,0.7131474103585658,0.5765005170144765,1,1,1,0,1,0,1,1,0,0,0,0,1,0,0,0,0,0,0,0,1,0,0,1,0,1,0,0
3569,0.22535211267605634,0.016932270916334646,0.034252209061853736,1,0,0,0,1,0,0,0,1,1,0,1,0,1,0,1,0,1,0,1,0,1,0,0,0,0,1,0
6405,0.8309859154929577,0.828187250996016,0.7235265087422449,0,1,0,0,1,0,1,1,0,0,1,0,0,0,0,0,0,0,1,0,1,1,0,1,0,0,0,0
3097,0.014084507042253521,0.021414342629482053,0.002796578304192517,1,0,0,1,1,0,0,0,1,1,0,1,0,1,0,1,0,1,0,1,0,0,0,0,0,0,1,0
4981,0.18309859154929578,0.3237051792828685,0.08150615717240083,1,0,0,0,0,1,0,0,0,0,0,0,0,0,1,0,0,0,1,0,1,0,0,1,0,1,0,1
4300,0.323943661971831,0.06324701195219123,0.06887455348749764,0,0,0,0,1,0,1,0,1,1,0,1,0,1,0,1,0,1,0,1,0,1,0,0,0,0,0,0
5975,0.08450704225352114,0.7121513944223108,0.06929169016732468,1,0,1,1,1,0,0,1,0,0,0,0,1,0,0,0,1,0,1,0,0,0,0,1,0,1,0,1
5518,0.4084507042253521,0.7584661354581674,0.3313122767437488,1,0,1,1,1,0,1,1,0,0,1,0,1,0,0,0,0,0,1,0,0,0,0,1,0,1,0,1
3434,0.14084507042253522,0.3620517928286852,0.0703550949426584,0,0,0,0,1,0,0,0,0,0,1,0,0,0,0,0,1,0,0,0,0,1,0,1,0,0,1,0
6453,0.647887323943662,0.8147410358565736,0.5701200883624742,1,1,1,0,1,0,1,1,0,0,0,0,0,0,1,0,0,0,1,0,1,0,0,1,0,1,0,1
5890,0.9577464788732395,0.6683266932270915,0.6907195901485241,0,0,0,0,1,0,1,0,0,0,1,0,0,0,1,0,1,0,1,0,1,0,1,1,1,0,0,0
570,0.8309859154929577,0.009960159362549792,0.1273911919533747,0,0,1,1,1,0,0,0,1,1,0,1,0,1,0,1,0,1,0,1,0,0,1,1,1,0,0,0
243,0.9014084507042254,0.7584661354581674,0.7175984677570971,0,1,1,0,1,0,0,1,0,0,1,0,1,0,1,0,0,0,0,0,1,0,0,0,0,1,0,0
5017,0.5633802816901409,0.1713147410358566,0.16127914081594286,0,0,1,0,0,1,0,0,0,0,0,0,1,0,0,0,1,0,0,0,0,1,0,0,0,0,1,0
3661,0.7042253521126761,0.6902390438247012,0.5236886632825719,0,0,0,0,1,0,0,1,0,0,0,0,0,0,0,0,0,0,1,0,1,1,0,0,1,0,0,0
849,1.0,0.7126494023904382,0.7627549821394999,0,0,1,1,1,0,1,0,0,0,1,0,1,0,1,0,1,0,1,0,1,0,1,0,1,0,0,0
456,0.3802816901408451,0.7435258964143427,0.323045920285768,1,0,1,1,1,0,0,1,0,0,0,0,1,0,1,0,1,0,1,0,0,1,0,0,0,0,0,0
6857,0.8028169014084507,0.7430278884462151,0.6211165162624553,1,0,1,1,1,0,0,1,0,0,0,0,1,0,0,0,0,0,1,0,1,0,0,1,0,1,0,0
1686,0.35211267605633806,0.4163346613545816,0.18765862944162437,0,0,1,1,1,0,1,0,0,0,0,0,1,0,0,0,1,0,0,0,0,0,0,1,0,1,0,1
3040,0.9859154929577465,0.8999003984063745,0.901461740928746,1,0,1,0,1,0,1,1,0,0,0,0,1,0,1,0,1,0,1,0,1,0,1,1,1,0,0,1
5816,0.02816901408450704,0.26245019920318724,0.0121733408535439,0,0,0,0,1,0,0,0,0,0,0,0,0,0,0,0,0,0,0,0,0,0,0,0,0,1,0,0
2727,0.056338028169014086,0.7629482071713147,0.05213620981387479,1,0,0,0,1,0,1,1,0,0,0,0,0,0,0,0,0,0,1,0,1,0,0,1,0,0,0,1
3763,0.04225352112676056,0.6185258964143425,0.033876198533558936,1,0,1,0,1,0,0,1,0,0,0,0,0,0,0,0,0,0,1,0,0,0,0,1,0,1,0,1
3431,0.323943661971831,0.8247011952191234,0.2788000564015793,1,0,1,0,1,0,1,1,0,0,0,0,0,0,1,0,0,0,1,0,1,0,0,1,0,1,0,1
5997,0.07042253521126761,0.7121513944223108,0.062693880428652,0,0,0,0,1,0,1,1,0,0,0,0,1,0,0,0,0,0,1,0,0,0,0,1,0,1,0,0
3741,1.0,0.8630478087649402,0.9063675032900921,1,0,1,1,1,0,1,1,0,0,1,0,1,0,1,0,1,0,0,0,1,0,1,1,1,0,0,0
2020,0.7183098591549296,0.5692231075697212,0.45195877984583566,1,0,1,0,1,0,0,0,0,0,1,0,1,0,0,0,0,0,1,0,1,1,0,1,0,0,1,0
492,0.014084507042253521,0.5592629482071714,0.014135645798082347,0,0,1,0,1,0,0,1,0,0,1,0,0,0,0,0,0,0,0,0,0,0,0,1,0,1,0,1
5771,0.15492957746478872,0.021414342629482053,0.02908206429780034,0,0,0,0,1,0,0,0,1,1,0,1,0,1,0,1,0,1,0,1,0,0,0,0,0,0,1,0
1492,0.25352112676056343,0.6967131474103585,0.20641802970483172,1,1,0,0,1,0,1,1,0,0,0,0,1,0,0,0,0,0,1,0,0,0,0,1,0,1,0,1
4296,0.47887323943661975,0.5378486055776892,0.29956876292536194,0,0,1,1,1,0,1,0,0,0,1,0,0,0,1,0,1,0,1,0,0,0,0,0,0,1,0,1
2266,0.7183098591549296,0.858565737051793,0.6418205959766874,1,1,1,0,1,0,0,1,0,0,1,0,0,0,1,0,1,0,1,0,1,1,0,1,0,0,0,0
1010,0.02816901408450704,0.31772908366533864,0.016656091370558377,1,0,0,0,1,0,0,0,0,0,1,0,0,0,0,0,0,0,0,0,0,0,0,1,0,0,1,0
2123,0.4225352112676057,0.6195219123505977,0.2831829291220154,1,0,0,0,1,0,1,1,0,0,0,0,1,0,0,0,0,0,0,0,0,0,0,1,0,1,0,0
229,0.647887323943662,0.6678286852589641,0.4803710753901109,0,0,1,1,1,0,1,0,0,0,1,0,1,0,0,0,1,0,1,0,1,0,1,1,1,0,0,0
2318,0.9859154929577465,0.8192231075697212,0.8238801936454221,0,0,1,1,1,0,1,1,0,0,1,0,1,0,1,0,0,0,1,0,0,0,1,0,0,0,0,0
3058,0.22535211267605634,0.37450199203187245,0.10791502162060537,0,0,0,1,1,0,1,0,0,0,0,0,0,0,1,0,0,0,0,0,0,1,0,1,0,0,1,1
5333,0.16901408450704225,0.6982071713147409,0.14143871028388794,0,0,1,1,1,0,0,1,0,0,0,0,0,0,0,0,0,0,1,0,1,0,0,0,0,1,0,1
1820,0.07042253521126761,0.2729083665338645,0.0357621263395375,0,0,1,0,1,0,0,0,0,0,0,0,0,0,0,0,0,0,0,0,0,0,0,0,0,0,1,0
520,0.9295774647887325,0.8680278884462151,0.8190390580936266,1,0,1,1,1,0,1,1,0,0,0,0,1,0,1,0,0,0,1,0,1,1,0,1,0,1,0,0
1127,0.3098591549295775,0.4780876494023904,0.17798223350253806,0,0,1,1,1,0,0,0,0,0,1,0,1,0,1,0,1,0,0,0,0,1,0,1,0,0,1,0
3738,0.47887323943661975,0.30826693227091634,0.19770516074450087,1,0,0,0,0,1,0,0,0,0,0,0,0,0,1,0,0,0,1,0,1,0,0,0,0,1,0,0
5528,0.6056338028169015,0.41434262948207173,0.30372837939462305,1,0,1,0,1,0,0,0,0,0,1,0,1,0,0,0,1,0,0,0,0,1,0,1,0,0,0,0
2656,0.5352112676056339,0.40886454183266924,0.25733808046625306,0,0,0,0,1,0,0,0,0,0,0,0,0,0,0,0,1,0,0,0,1,1,0,0,0,1,0,0
496,0.3802816901408451,0.424800796812749,0.20757543711223916,1,0,1,0,1,0,0,0,0,0,1,0,1,0,0,0,1,0,0,0,0,0,0,0,0,0,1,0
1491,0.0,0.01294820717131473,5.287648054145503e-05,0,0,0,0,1,0,0,0,1,1,0,1,0,1,0,1,0,1,0,1,0,0,0,0,0,0,1,0
3694,0.9295774647887325,0.9013944223107571,0.838632731716488,0,0,1,1,1,0,1,1,0,0,1,0,0,0,1,0,1,0,1,0,1,0,1,1,1,0,0,1
908,0.09859154929577466,0.016932270916334646,0.01783699943598421,0,0,0,1,1,0,0,0,1,1,0,1,0,1,0,1,0,1,0,1,0,0,0,0,0,0,1,0
5901,0.676056338028169,0.6598605577689243,0.4977145610077083,1,0,1,1,1,0,1,1,0,0,0,0,0,0,0,0,0,0,1,0,0,0,0,0,0,1,0,1
2617,0.0,0.013446215139442247,5.8751645046061386e-05,0,0,0,0,1,0,0,0,1,1,0,1,0,1,0,1,0,1,0,1,0,0,0,1,0,0,1,1
5309,0.8450704225352113,0.019920318725099584,0.14801889452904682,0,0,1,0,1,0,0,0,1,1,0,1,0,1,0,1,0,1,0,1,0,0,1,0,1,0,0,0
3056,0.6901408450704226,0.5204183266932272,0.4074485335589397,1,0,1,1,1,0,1,0,0,0,1,0,0,0,0,0,1,0,1,0,0,0,1,1,1,0,0,0
4789,0.0,0.5263944223107568,0.006110171084790374,0,0,0,0,1,0,0,1,0,0,0,0,0,0,0,0,0,0,0,0,0,0,0,0,0,0,1,1
3171,0.28169014084507044,0.025896414342629487,0.04889899417183681,0,0,0,0,1,0,0,0,1,1,0,1,0,1,0,1,0,1,0,1,0,0,1,1,1,0,0,0
1572,0.02816901408450704,0.26643426294820716,0.012690355329949237,0,1,0,0,1,0,0,0,0,0,0,0,0,0,0,0,0,0,0,0,0,0,0,0,0,1,0,1
2011,0.7323943661971831,0.671812749003984,0.5401626245534875,1,0,1,1,1,0,1,0,0,0,1,0,0,0,1,0,1,0,1,0,1,0,0,0,0,1,0,0
1969,0.8309859154929577,0.3520916334661354,0.37811971235194586,0,0,0,0,0,1,0,0,0,0,1,0,0,0,1,0,0,0,1,0,1,0,1,0,0,1,0,0
6679,0.8309859154929577,0.19372509960159362,0.2666854671930814,0,0,1,0,0,1,0,0,0,0,1,0,1,0,0,0,1,0,0,0,0,0,1,0,0,0,0,0
1536,0.9577464788732395,0.5727091633466135,0.6308810396691107,1,0,1,1,1,0,0,0,0,0,1,0,1,0,1,0,1,0,1,0,0,0,1,1,0,0,0,0
5783,0.0,0.7076693227091633,0.008248730964467004,0,1,0,0,1,0,0,1,0,0,0,0,0,0,0,0,0,0,1,0,1,0,0,1,0,1,0,1
3265,0.3943661971830986,0.5229083665338645,0.22980118443316414,1,0,1,1,1,0,0,1,0,0,0,0,0,0,0,0,0,0,0,0,0,0,0,1,0,1,0,1
786,1.0,0.36902390438247007,0.46584179357022,1,0,1,1,1,0,1,0,0,0,1,0,0,0,0,0,0,0,0,0,0,0,1,0,0,0,0,0
2762,0.33802816901408456,0.8072709163346614,0.2931002068057906,1,0,0,0,1,0,0,1,0,0,0,0,0,0,1,0,1,0,1,0,1,0,1,0,0,0,0,0
6764,0.0,0.5074701195219125,0.005886914833615342,0,0,0,0,1,0,0,1,0,0,0,0,0,0,0,0,0,0,0,0,0,0,0,1,0,1,0,1
3353,0.15492957746478872,0.6653386454183265,0.11523547659334461,1,0,1,0,1,0,0,1,0,0,0,0,1,0,0,0,0,0,0,0,1,0,0,1,1,0,0,0
1812,0.22535211267605634,0.7808764940239044,0.18438028764805414,1,0,1,0,1,0,0,1,0,0,0,0,0,0,1,0,0,0,1,0,1,1,0,1,0,0,0,0
775,1.0,0.9203187250996017,0.9454960988907689,0,0,1,0,1,0,1,1,0,0,1,0,1,0,1,0,0,0,1,0,1,0,1,1,1,0,0,0
6678,0.25352112676056343,0.025896414342629487,0.052688475277307766,1,0,0,1,1,0,0,0,1,1,0,1,0,1,0,1,0,1,0,1,0,0,1,0,1,0,0,0
4411,0.7887323943661972,0.3152390438247012,0.32469684151156236,0,0,1,0,0,1,0,0,0,0,1,0,0,0,1,0,1,0,0,0,1,0,0,1,0,0,0,0
6383,0.3098591549295775,0.21762948207171318,0.0985441342357586,1,0,0,1,0,1,0,0,0,0,1,0,0,0,1,0,1,0,0,0,0,0,1,0,0,0,1,0
3297,0.5774647887323944,0.6583665338645417,0.4174304380522655,0,0,1,0,1,0,1,0,0,0,1,0,0,0,1,0,1,0,1,0,1,0,1,0,1,0,0,0
4221,0.0,0.010458167330677282,2.3500658018424554e-05,1,0,0,0,1,0,0,0,1,1,0,1,0,1,0,1,0,1,0,1,0,0,0,0,1,0,0,0
3225,0.16901408450704225,0.5348605577689243,0.1063111017108479,0,0,0,0,1,0,0,0,0,0,1,0,0,0,0,0,0,0,1,0,1,0,0,1,0,1,0,0
6242,1.0,0.8884462151394423,0.8976311336717429,0,0,1,1,1,0,1,1,0,0,1,0,1,0,1,0,1,0,0,0,1,0,1,0,1,0,0,0
1585,0.5774647887323944,0.6195219123505977,0.3944350441812371,1,0,1,0,1,0,1,0,0,0,1,0,0,0,0,0,1,0,1,0,1,1,0,0,1,0,0,0
2161,0.014084507042253521,0.5732071713147411,0.016644341041549163,0,0,0,0,1,0,0,1,0,0,0,0,0,0,1,0,0,0,0,0,0,0,0,1,0,1,0,1
6224,0.7042253521126761,0.6568725099601593,0.5029904587328445,1,0,1,1,1,0,1,1,0,0,0,0,1,0,0,0,1,0,0,0,0,1,0,0,0,0,0,0
2184,0.014084507042253521,0.700199203187251,0.018818151908253433,0,1,0,0,1,0,1,1,0,0,0,0,0,0,1,0,0,0,0,0,1,0,0,1,0,1,0,1
5681,0.46478873239436624,0.45766932270916333,0.24525286708027827,0,1,1,0,1,0,0,0,0,0,0,0,0,0,1,0,1,0,1,0,0,1,0,0,0,0,0,0
3508,0.971830985915493,0.950199203187251,0.9306436830231246,0,0,0,0,1,0,1,1,0,0,1,0,1,0,1,0,1,0,1,0,1,0,1,1,0,0,0,0
4795,0.7323943661971831,0.025398406374501997,0.11782054897537131,0,0,1,0,1,0,0,0,1,1,0,1,0,1,0,1,0,1,0,1,0,1,0,0,0,0,0,1
254,0.1267605633802817,0.015936254980079695,0.020439697311524726,1,0,0,0,1,0,0,0,1,1,0,1,0,1,0,1,0,1,0,1,0,0,0,1,0,0,1,0
6926,0.7746478873239437,0.5537848605577689,0.47867902801278434,0,0,0,0,1,0,0,1,0,0,0,0,1,0,0,0,0,0,0,0,0,0,0,1,0,1,0,1
6223,0.08450704225352114,0.5054780876494023,0.05731810490693739,0,0,1,1,1,0,0,1,0,0,0,0,0,0,0,0,0,0,0,0,0,0,0,1,0,1,0,1
2220,1.0,0.6085657370517927,0.6737814908817447,1,0,1,0,1,0,0,0,0,0,1,0,1,0,0,0,1,0,1,0,1,0,1,1,0,0,0,0
1604,0.9577464788732395,0.7719123505976095,0.7628489847715736,1,0,1,1,1,0,1,1,0,0,0,0,1,0,1,0,0,0,1,0,0,1,0,0,1,0,0,0
4717,0.5211267605633804,0.920816733067729,0.5181307576612145,1,0,1,0,1,0,1,1,0,0,1,0,0,0,1,0,1,0,1,0,1,1,0,1,0,1,0,0
2736,0.8309859154929577,0.7091633466135459,0.6198886068809927,0,1,1,0,1,0,1,1,0,0,0,0,1,0,0,0,0,0,0,0,1,0,0,0,0,1,0,0
1073,0.08450704225352114,0.7948207171314741,0.08153553299492386,1,0,0,0,1,0,1,1,0,0,0,0,0,0,1,0,0,0,1,0,1,0,0,1,0,0,0,1
736,0.4084507042253521,0.9183266932270917,0.3886950084602369,0,0,0,0,1,0,1,1,0,0,0,0,1,0,1,0,1,0,1,0,1,1,0,0,1,0,0,0
5572,0.971830985915493,0.5632470119521913,0.6223796766309457,1,0,1,0,1,0,1,0,0,0,1,0,0,0,1,0,1,0,0,0,1,0,1,1,1,0,0,0
5655,0.9014084507042254,0.06822709163346613,0.20044886256815192,1,0,0,0,1,0,1,0,1,1,0,1,0,1,0,1,0,1,0,1,0,0,1,1,0,0,0,0
3832,0.7042253521126761,0.6015936254980081,0.46199356081970294,0,0,1,0,1,0,1,0,0,0,0,0,1,0,0,0,1,0,1,0,1,1,0,1,1,0,0,0
6939,0.47887323943661975,0.7066733067729083,0.37979413423575864,1,0,0,0,1,0,0,1,0,0,1,0,0,0,0,0,1,0,0,0,1,1,0,1,0,1,0,0
5329,0.33802816901408456,0.15687250996015933,0.09798599360782102,0,0,1,0,0,1,0,0,0,0,0,0,0,0,0,0,0,0,1,0,0,0,0,1,0,0,0,1
5976,0.3943661971830986,0.15986055776892427,0.11581711787930062,1,0,0,0,0,1,0,0,0,0,0,0,1,0,0,0,1,0,0,0,0,0,0,0,0,1,0,0
2570,0.4084507042253521,0.7549800796812749,0.3345729930438052,1,0,1,0,1,0,1,1,0,0,0,0,0,0,0,0,0,0,1,0,1,0,0,1,1,0,0,1
4905,0.8028169014084507,0.015936254980079695,0.1339243748824967,0,0,1,1,1,0,0,0,1,1,0,1,0,1,0,1,0,1,0,1,0,0,1,1,0,0,1,0
4027,0.26760563380281693,0.06175298804780874,0.05448627561571724,0,0,1,0,0,1,0,0,0,0,0,0,0,0,0,0,0,0,0,0,0,0,0,1,0,1,0,1
4651,0.19718309859154928,0.6767928286852589,0.14700836623425456,0,0,0,0,1,0,0,1,0,0,1,0,0,0,0,0,0,0,1,0,0,0,0,0,0,1,0,1
4691,0.7746478873239437,0.8207171314741037,0.6661202763677383,0,1,1,0,1,0,1,1,0,0,0,0,0,0,1,0,0,0,1,0,1,0,0,1,0,0,0,1
3815,0.02816901408450704,0.5577689243027888,0.02246662906561384,0,0,0,0,1,0,1,1,0,0,0,0,0,0,0,0,0,0,0,0,0,0,0,1,0,1,0,1
3577,0.49295774647887325,0.4696215139442232,0.2913259071253995,1,0,0,0,1,0,0,0,0,0,0,0,1,0,0,0,1,0,0,0,1,1,0,1,0,0,1,1
6925,0.19718309859154928,0.005478087649402386,0.03241328257191201,1,0,1,0,1,0,0,0,1,1,0,1,0,1,0,1,0,1,0,1,0,1,0,0,0,0,1,0
6116,0.6619718309859155,0.5537848605577689,0.4185819702951683,0,0,0,0,1,0,1,0,0,0,0,0,1,0,1,0,1,0,1,0,0,1,0,1,0,0,0,0
1862,0.7183098591549296,0.32121513944223107,0.2993043805226547,0,1,0,0,0,1,0,0,0,0,0,0,1,0,1,0,1,0,1,0,0,0,0,1,0,1,0,0
500,0.46478873239436624,0.9760956175298805,0.45590689039293103,1,0,0,0,1,0,1,1,0,0,1,0,1,0,1,0,1,0,1,0,1,1,0,0,1,0,0,0
5053,0.2112676056338028,0.6145418326693228,0.1467439838315473,0,0,1,1,1,0,1,1,0,0,0,0,1,0,0,0,0,0,0,0,0,0,0,1,1,0,0,0
6416,0.9295774647887325,0.2554780876494024,0.3616868772325625,1,0,0,0,0,1,0,0,0,0,1,0,0,0,0,0,1,0,1,0,0,0,1,0,0,1,0,0
6237,0.0,0.5149402390438247,0.005975042301184433,1,0,0,0,1,0,0,1,0,0,0,0,0,0,0,0,0,0,0,0,0,0,0,0,0,1,0,1
2420,0.04225352112676056,0.20219123505976094,0.016097950742620794,1,0,1,1,0,1,0,0,0,0,1,0,0,0,0,0,0,0,1,0,0,0,0,0,1,0,0,0
2138,0.7464788732394366,0.5149402390438247,0.45271080090242527,0,0,1,1,1,0,0,0,0,0,1,0,0,0,1,0,1,0,0,0,1,0,1,0,0,0,0,0
3618,0.647887323943662,0.3585657370517928,0.29600253807106597,1,0,1,1,1,0,1,0,0,0,0,0,1,0,0,0,0,0,0,0,0,0,0,0,0,1,0,0
5331,0.6056338028169015,0.35657370517928283,0.27684950178605,1,0,1,1,0,1,0,0,0,0,1,0,1,0,1,0,1,0,0,0,1,0,1,1,1,0,0,0
4050,0.8028169014084507,0.8032868525896415,0.6770069561947735,1,1,1,0,1,0,1,1,0,0,0,0,1,0,0,0,0,0,1,0,1,0,0,1,0,1,0,0
588,1.0,0.8057768924302788,0.8698768565519835,1,0,1,0,1,0,1,1,0,0,1,0,1,0,1,0,0,0,0,0,1,0,1,1,0,1,0,0
1552,0.4225352112676057,0.6205179282868525,0.2881768189509306,0,0,1,1,1,0,1,0,0,0,0,0,1,0,0,0,1,0,1,0,1,0,1,0,0,0,0,0
2531,0.9859154929577465,0.06175298804780874,0.19534921977815378,0,0,1,0,1,0,1,0,1,1,0,1,0,1,0,1,0,1,0,1,0,0,1,1,1,0,0,0
1303,0.9577464788732395,0.014442231075697198,0.1618960330889265,0,0,1,1,1,0,0,0,1,1,0,1,0,1,0,1,0,1,0,1,0,0,1,0,0,0,0,0
527,0.8028169014084507,0.7614541832669324,0.6358396785109983,1,0,1,1,1,0,1,1,0,0,0,0,1,0,0,0,1,0,1,0,0,1,0,1,1,0,0,0
2631,0.08450704225352114,0.8067729083665338,0.07594825155104343,1,1,1,0,1,0,1,1,0,0,0,0,0,0,1,0,0,0,1,0,1,0,0,1,0,1,0,1
2040,0.9859154929577465,0.7201195219123506,0.7502467569091935,1,0,1,0,1,0,1,0,0,0,1,0,1,0,1,0,1,0,1,0,1,0,1,0,0,0,0,0
3704,0.943661971830986,0.5453187250996017,0.6044251739048694,0,0,1,1,1,0,1,0,0,0,1,0,1,0,1,0,0,0,1,0,0,1,0,1,1,0,0,0
6264,0.6056338028169015,0.815239043824701,0.5122262173340854,1,0,0,0,1,0,0,1,0,0,0,0,0,0,1,0,1,0,1,0,1,0,1,0,0,0,0,0
4041,0.6338028169014085,0.42330677290836655,0.33773970671178793,1,0,0,0,0,1,0,0,0,0,1,0,0,0,1,0,1,0,1,0,1,0,1,1,0,0,0,0
4950,0.04225352112676056,0.7310756972111554,0.04069138935890204,0,0,1,0,1,0,1,1,0,0,0,0,1,0,0,0,0,0,1,0,0,0,0,1,0,1,0,1
1087,0.4366197183098592,0.6912350597609562,0.32281678887008836,1,0,0,0,1,0,1,1,0,0,1,0,0,0,0,0,1,0,0,0,0,0,0,0,0,0,0,0
6066,0.014084507042253521,0.7639442231075697,0.01868302312464749,1,0,0,0,1,0,0,1,0,0,0,0,0,0,1,0,0,0,1,0,1,0,0,0,0,1,0,1
4759,0.0,0.6045816733067728,0.0070325719120135355,1,0,0,0,1,0,0,1,0,0,0,0,0,0,0,0,0,0,1,0,0,0,0,1,0,1,0,1
5546,0.04225352112676056,0.24053784860557764,0.014958168828727204,1,0,0,0,0,1,0,0,0,0,1,0,1,0,0,0,1,0,0,0,0,0,0,0,0,0,1,0
6955,0.15492957746478872,0.26693227091633465,0.05922165820642978,0,0,0,0,1,0,0,0,0,0,0,0,0,0,0,0,0,0,0,0,0,0,0,1,0,1,0,0
66,0.647887323943662,0.6040836653386454,0.4266838221470201,1,0,1,0,1,0,1,1,0,0,0,0,1,0,0,0,0,0,0,0,0,1,0,1,0,1,0,0
4150,0.08450704225352114,0.7046812749003983,0.06889805414551607,1,1,1,0,1,0,0,1,0,0,0,0,0,0,0,0,0,0,1,0,1,0,0,1,0,1,0,0
5924,0.8591549295774649,0.0239043824701195,0.14092757097198721,1,0,1,1,1,0,0,0,1,1,0,1,0,1,0,1,0,1,0,1,0,0,1,0,1,0,0,0
4085,0.4084507042253521,0.22011952191235062,0.13723796766309457,0,0,0,0,0,1,0,0,0,0,0,0,0,0,0,0,1,0,0,0,1,1,0,1,1,0,0,0
6030,0.5915492957746479,0.3067729083665338,0.24171601804850534,0,0,0,0,0,1,0,0,0,0,0,0,0,0,1,0,0,0,1,0,1,0,0,1,0,0,0,1
36,0.056338028169014086,0.5124501992031874,0.0349924797894341,1,0,0,0,1,0,0,1,0,0,0,0,0,0,0,0,0,0,0,0,0,0,0,1,0,1,0,1
6900,0.7042253521126761,0.7544820717131473,0.5741974525286708,1,1,0,0,1,0,0,1,0,0,0,0,0,0,1,0,0,0,1,0,1,1,0,1,0,0,0,0
3641,0.676056338028169,0.5597609561752988,0.4350911825531115,0,0,0,0,1,0,0,0,0,0,0,0,0,0,1,0,1,0,1,0,1,0,1,1,0,0,0,0
613,0.6056338028169015,0.9118525896414342,0.5688628031584885,0,1,0,0,1,0,1,1,0,0,1,0,1,0,1,0,0,0,1,0,1,1,0,1,1,0,0,0
3765,0.056338028169014086,0.07171314741035856,0.013589255499153975,0,0,0,0,1,0,1,0,1,1,0,1,0,1,0,1,0,1,0,1,0,0,0,0,0,0,1,0
4164,1.0,0.9228087649402392,0.9287048787366047,1,0,1,1,1,0,1,1,0,0,0,0,1,0,1,0,1,0,1,0,1,0,1,0,1,0,0,0
5131,0.6056338028169015,0.7753984063745019,0.5105517954502726,0,0,1,0,1,0,1,1,0,0,0,0,0,0,0,0,0,0,1,0,1,0,0,1,0,1,0,1
5677,0.5492957746478874,0.62300796812749,0.36586411919533746,1,0,1,0,1,0,0,1,0,0,0,0,1,0,1,0,0,0,0,0,0,1,0,0,0,1,0,0
2884,1.0,0.7161354581673307,0.7869606598984772,0,1,1,1,1,0,1,0,0,0,1,0,1,0,1,0,1,0,1,0,1,0,1,1,0,0,0,0
5493,0.07042253521126761,0.6583665338645417,0.053557999623989466,0,1,1,0,1,0,1,1,0,0,0,0,0,0,0,0,0,0,0,0,1,0,0,1,0,1,0,1
2956,0.7042253521126761,0.8042828685258965,0.5897548881368678,1,0,0,0,1,0,0,1,0,0,0,0,1,0,1,0,0,0,1,0,1,0,0,1,0,1,0,0
21,0.15492957746478872,0.015438247011952178,0.021520727580372254,1,0,1,0,1,0,0,0,1,1,0,1,0,1,0,1,0,1,0,1,0,1,0,0,0,0,0,0
104,0.943661971830986,0.9138446215139442,0.8921731058469637,1,0,1,0,1,0,1,1,0,0,0,0,1,0,1,0,1,0,1,0,1,0,1,1,0,0,0,1
2344,0.18309859154929578,0.21364541832669326,0.07910909005452153,0,1,0,0,0,1,0,0,0,0,1,0,0,0,1,0,1,0,0,0,0,0,1,0,0,0,1,0
1109,0.5492957746478874,0.31772908366533864,0.2396362098138748,1,0,1,0,1,0,0,0,0,0,0,0,1,0,0,0,0,0,0,0,0,0,0,1,0,0,1,0
5555,0.971830985915493,0.015438247011952178,0.15976334837375447,0,0,1,1,1,0,0,0,1,1,0,1,0,1,0,1,0,1,0,1,0,0,1,0,0,0,0,0
4286,0.11267605633802817,0.6952191235059761,0.09191107351005827,1,0,1,0,1,0,1,1,0,0,1,0,0,0,0,0,0,0,0,0,1,0,0,1,0,1,0,0
3280,0.7605633802816901,0.4018924302788845,0.3583262831359278,1,0,1,0,1,0,0,0,0,0,1,0,1,0,1,0,0,0,0,0,0,0,1,0,0,1,0,0
4639,0.35211267605633806,0.7504980079681274,0.28024534686971236,1,1,0,0,1,0,1,1,0,0,0,0,0,0,0,0,0,0,1,0,1,0,0,1,0,1,0,0
399,0.3098591549295775,0.017928286852589653,0.046531302876480544,0,0,1,1,1,0,0,0,1,1,0,1,0,1,0,1,0,1,0,1,0,1,0,0,0,0,1,0
848,1.0,0.7345617529880477,0.7946806260575295,1,0,1,0,1,0,1,0,0,0,1,0,1,0,1,0,1,0,1,0,1,0,1,1,1,0,0,0
3823,1.0,0.6035856573705178,0.6749447734536567,1,0,1,0,1,0,1,0,0,0,1,0,1,0,1,0,1,0,0,0,1,0,1,0,0,0,0,0
55,0.23943661971830985,0.7689243027888446,0.20368607821018989,1,1,0,0,1,0,1,1,0,0,0,0,0,0,0,0,0,0,1,0,1,0,0,1,0,1,0,1
4849,0.5633802816901409,0.3296812749003984,0.24158676442940402,1,0,0,0,0,1,0,0,0,0,0,0,0,0,1,0,0,0,1,0,1,1,0,1,0,1,0,0
5671,0.8450704225352113,0.07021912350597609,0.18046155292348187,0,0,1,0,1,0,1,0,1,1,0,1,0,1,0,1,0,1,0,1,0,0,1,0,0,0,0,0
6833,0.23943661971830985,0.8500996015936255,0.21000775521714607,0,1,0,0,1,0,1,1,0,0,0,0,1,0,0,0,1,0,1,0,1,0,0,1,1,0,0,0
5949,0.943661971830986,0.2659362549800797,0.36029446324497083,0,0,0,0,0,1,0,0,0,0,0,0,1,0,0,0,1,0,0,0,1,0,0,0,0,1,0,0
88,0.6338028169014085,0.016932270916334646,0.1066929874036473,0,0,1,1,1,0,0,0,1,1,0,1,0,1,0,1,0,1,0,1,0,0,1,1,0,0,1,0
1143,0.23943661971830985,0.38396414342629476,0.12403059785674,1,0,1,0,1,0,1,0,0,0,0,0,1,0,0,0,0,0,0,0,0,0,0,0,1,0,0,0
6487,0.8450704225352113,0.7579681274900398,0.6678769505546155,0,0,1,0,1,0,1,1,0,0,0,0,1,0,0,0,1,0,0,0,1,0,1,1,0,0,0,0
191,0.07042253521126761,0.7246015936254979,0.06014993419815755,1,0,1,0,1,0,0,1,0,0,0,0,1,0,1,0,0,0,0,0,1,0,0,1,0,1,0,1
3734,1.0,0.8949203187250996,0.911232139499906,0,1,0,0,1,0,1,1,0,0,0,0,1,0,1,0,1,0,1,0,1,0,1,1,0,0,0,0
1625,0.11267605633802817,0.5727091633466135,0.07482609513066366,0,0,1,0,1,0,0,1,0,0,0,0,0,0,1,0,0,0,0,0,0,0,0,1,0,0,0,1
3965,0.7183098591549296,0.8789840637450199,0.6583415585636399,0,1,1,0,1,0,1,1,0,0,0,0,1,0,1,0,0,0,1,0,1,1,0,1,0,1,0,0
6399,0.7605633802816901,0.5463147410358564,0.4847950742620793,0,0,0,0,1,0,1,1,0,0,0,0,0,0,0,0,0,0,0,0,0,0,0,1,0,1,0,0
5001,0.25352112676056343,0.36603585657370513,0.12072288024064674,1,0,0,0,1,0,0,0,0,0,0,0,0,0,1,0,1,0,0,0,0,0,0,1,1,0,0,1
868,0.8169014084507042,0.6703187250996014,0.5952187911261515,1,0,1,0,1,0,1,1,0,0,0,0,0,0,0,0,0,0,0,0,1,1,0,0,0,1,0,1
4032,0.943661971830986,0.6613545816733069,0.6655973867268284,1,1,1,1,1,0,1,1,0,0,0,0,1,0,1,0,0,0,0,0,0,0,0,1,0,1,0,0
1461,0.295774647887324,0.7734063745019921,0.2603696653506298,1,0,1,0,1,0,1,1,0,0,1,0,0,0,0,0,1,0,1,0,0,0,0,0,1,0,0,0
3777,0.647887323943662,0.010458167330677282,0.10239236698627562,0,0,1,1,1,0,0,0,1,1,0,1,0,1,0,1,0,1,0,1,0,0,1,0,0,0,0,0
1099,0.056338028169014086,0.3730079681274901,0.028236040609137054,1,0,1,1,1,0,1,0,0,0,0,0,0,0,0,0,1,0,0,0,0,0,0,1,0,0,1,0
2814,0.8591549295774649,0.30328685258964144,0.35127021056589586,0,0,1,1,0,1,0,0,0,0,1,0,1,0,0,0,1,0,1,0,0,0,1,0,0,0,0,0
2463,0.09859154929577466,0.6713147410358566,0.0752432318104907,1,0,1,0,1,0,1,1,0,0,0,0,0,0,0,0,0,0,0,0,1,0,0,1,0,0,0,0
5142,0.9154929577464789,0.8595617529880477,0.7943163658582441,0,0,0,0,1,0,1,1,0,0,1,0,1,0,1,0,1,0,1,0,0,1,0,1,0,0,0,0
3163,0.5352112676056339,0.721613545816733,0.39882379206617785,1,1,0,0,1,0,1,1,0,0,0,0,1,0,0,0,0,0,0,0,1,0,0,0,0,1,0,0
3945,0.02816901408450704,0.15936254980079678,0.01412977063357774,0,0,0,0,0,1,0,0,0,0,1,0,0,0,0,0,1,0,0,0,0,0,0,0,0,0,1,1
101,0.0,0.01195219123505975,4.112615153224275e-05,0,0,1,1,1,0,0,0,1,1,0,1,0,1,0,1,0,1,0,1,0,0,0,0,0,1,0,0
6262,0.619718309859155,0.7818725099601593,0.519793429216018,0,0,0,0,1,0,1,1,0,0,1,0,1,0,0,0,0,0,0,0,1,1,0,0,0,0,0,0
5057,0.11267605633802817,0.5737051792828685,0.08290444632449709,1,0,0,0,1,0,1,1,0,0,0,0,0,0,0,0,0,0,0,0,0,0,0,1,0,1,0,0
5982,0.19718309859154928,0.015438247011952178,0.033547189321301,1,0,0,0,1,0,0,0,1,1,0,1,0,1,0,1,0,1,0,1,0,1,0,0,0,0,1,0
5642,0.26760563380281693,0.01245019920318724,0.045127138559879675,0,0,0,0,1,0,0,0,1,1,0,1,0,1,0,1,0,1,0,1,0,1,0,0,0,0,1,0
2204,0.9295774647887325,0.9267928286852589,0.8769270539575109,1,0,1,1,1,0,1,1,0,0,1,0,1,0,1,0,0,0,1,0,1,1,0,1,0,1,0,1
1534,0.9577464788732395,0.015438247011952178,0.166602039857116,0,0,1,1,1,0,0,0,1,1,0,1,0,1,0,1,0,1,0,1,0,0,1,0,1,0,0,0
3733,0.33802816901408456,0.16733067729083662,0.09698134047753337,0,0,0,1,0,1,0,0,0,0,1,0,0,0,0,0,1,0,0,0,0,0,1,0,0,0,0,0
1735,1.0,0.9581673306772909,0.949596963714984,1,0,1,1,1,0,1,1,0,0,1,0,1,0,1,0,1,0,1,0,1,0,1,0,0,0,0,0
1823,0.25352112676056343,0.5537848605577689,0.1651391238954691,1,0,0,0,1,0,0,1,0,0,0,0,1,0,0,0,0,0,0,0,0,0,0,1,1,0,0,1
5810,0.22535211267605634,0.6693227091633467,0.16832346305696558,0,0,1,1,1,0,1,1,0,0,0,0,0,0,0,0,0,0,0,0,1,0,0,1,0,1,0,1
351,0.22535211267605634,0.26245019920318724,0.07782242902801279,1,0,0,1,1,0,0,0,0,0,0,0,0,0,0,0,0,0,0,0,0,1,0,0,0,0,1,0
246,0.5633802816901409,0.46563745019920316,0.2952505170144764,1,0,0,0,1,0,1,0,0,0,0,0,0,0,1,0,0,0,0,0,1,1,0,0,0,0,1,0
1961,0.5774647887323944,0.41733067729083667,0.2823016544463245,0,0,0,0,1,0,1,0,0,0,1,0,1,0,0,0,0,0,0,0,0,1,0,1,0,0,0,0
3509,0.0,0.2654382470119522,0.003031584884376762,1,0,0,0,1,0,0,0,0,0,0,0,0,0,0,0,0,0,0,0,0,0,0,1,0,0,1,0
2233,0.7464788732394366,0.5144422310756973,0.45405621357398007,1,0,0,0,1,0,0,0,0,0,1,0,1,0,0,0,1,0,1,0,0,0,0,1,0,0,1,0
1800,0.0,0.2549800796812749,0.002908206429780034,1,0,0,0,1,0,0,0,0,0,0,0,0,0,0,0,0,0,0,0,0,0,0,1,0,0,0,0
1274,0.8591549295774649,0.8256972111553786,0.7777836529422825,0,0,1,1,1,0,1,1,0,0,1,0,0,0,0,0,0,0,1,0,1,0,1,1,0,0,0,0
1159,0.02816901408450704,0.6190239043824701,0.024082299304380526,0,1,1,0,1,0,0,1,0,0,0,0,0,0,0,0,0,0,1,0,0,0,0,1,0,1,0,1
5730,0.9295774647887325,0.015438247011952178,0.1518377514570408,1,0,0,0,1,0,0,0,1,1,0,1,0,1,0,1,0,1,0,1,0,0,1,1,0,0,1,0
4584,0.9577464788732395,0.5562749003984062,0.5889147396127091,1,1,0,0,1,0,1,0,0,0,1,0,0,0,1,0,1,0,0,0,1,0,1,0,1,0,0,0
278,0.18309859154929578,0.36603585657370513,0.08846235194585449,1,0,0,0,0,1,0,0,0,0,0,0,0,0,1,0,1,0,1,0,1,0,0,1,0,1,0,0
1219,0.8591549295774649,0.5199203187250996,0.503072711035909,0,0,1,1,1,0,1,0,0,0,0,0,0,0,0,0,0,0,1,0,1,0,0,1,1,0,0,0
6332,0.943661971830986,0.8665338645418328,0.8406244124835495,1,0,1,1,1,0,0,1,0,0,1,0,1,0,1,0,0,0,1,0,1,0,1,1,0,0,0,0
3212,0.5492957746478874,0.6150398406374502,0.3700942376386539,1,0,1,0,1,0,0,1,0,0,0,0,1,0,1,0,0,0,0,0,0,0,0,1,0,1,0,0
4190,0.14084507042253522,0.7763944223107571,0.14135058281631885,0,0,1,0,1,0,1,1,0,0,1,0,0,0,0,0,1,0,1,0,0,0,0,1,1,0,0,1
2681,0.6338028169014085,0.22061752988047806,0.21427899981199475,1,0,1,0,0,1,0,0,0,0,1,0,0,0,1,0,1,0,0,0,0,0,1,0,1,0,0,0
2197,0.9154929577464789,0.4541832669322709,0.4988602180861065,1,0,1,0,1,0,1,0,0,0,0,0,0,0,0,0,1,0,0,0,1,0,0,0,0,1,0,0
1512,0.18309859154929578,0.6628486055776892,0.13921789810114685,0,0,1,1,1,0,1,1,0,0,0,0,0,0,0,0,0,0,1,0,0,0,0,1,0,1,0,0
2350,0.056338028169014086,0.6548804780876494,0.04766520962586952,0,0,0,0,1,0,1,1,0,0,0,0,0,0,0,0,0,0,1,0,0,0,0,1,0,1,0,0
5491,0.28169014084507044,0.4691235059760956,0.16512737356645987,1,0,0,0,1,0,0,0,0,0,1,0,0,0,1,0,0,0,1,0,0,0,0,0,0,0,0,0
3993,0.971830985915493,0.47559760956175295,0.5725230306448581,0,0,0,1,1,0,1,0,0,0,1,0,1,0,0,0,1,0,0,0,0,0,1,0,0,1,0,0
5604,0.22535211267605634,0.5234063745019919,0.1395821583004324,1,0,0,0,1,0,0,1,0,0,0,0,0,0,0,0,0,0,0,0,0,0,0,1,0,1,0,0
4620,1.0,0.971613545816733,0.9768107257003196,1,0,1,0,1,0,1,1,0,0,1,0,1,0,1,0,1,0,1,0,1,0,1,0,1,0,0,0
3778,0.02816901408450704,0.3202191235059761,0.013883013724384283,1,0,0,0,1,0,1,0,0,0,0,0,0,0,0,0,0,0,0,0,0,0,0,0,0,0,0,0
6639,0.6901408450704226,0.8481075697211156,0.6130499153976311,1,0,1,1,1,0,0,1,0,0,0,0,1,0,1,0,1,0,1,0,1,1,0,1,0,0,0,0
6744,0.943661971830986,0.8276892430278884,0.8332922071818011,1,0,0,0,1,0,1,1,0,0,1,0,1,0,1,0,0,0,1,0,0,1,0,0,0,0,0,0
4354,0.8169014084507042,0.019422310756972094,0.1378548599360782,1,0,0,0,1,0,0,0,1,1,0,1,0,1,0,1,0,1,0,1,0,0,1,1,0,0,0,0
4772,0.9577464788732395,0.4068725099601594,0.4835965407031397,0,0,1,1,1,0,0,0,0,0,0,0,1,0,1,0,1,0,0,0,0,1,0,0,0,0,0,0
6692,0.5633802816901409,0.5617529880478087,0.3609172306824591,0,0,0,0,1,0,1,0,0,0,1,0,0,0,1,0,1,0,0,0,1,0,0,1,0,0,0,0
4423,0.4507042253521127,0.479581673306773,0.2615975747320925,1,0,0,0,1,0,0,0,0,0,0,0,1,0,1,0,0,0,1,0,0,0,0,1,1,0,0,0
4153,0.36619718309859156,0.0204183266932271,0.067676019928558,1,0,0,0,1,0,0,0,1,1,0,1,0,1,0,1,0,1,0,1,0,1,0,0,0,0,1,0
5594,0.3098591549295775,0.652390438247012,0.21513089866516263,0,0,1,1,1,0,1,1,0,0,0,0,0,0,0,0,0,0,1,0,0,0,0,1,0,1,0,0
3958,0.2112676056338028,0.5537848605577689,0.14865341229554427,1,0,1,0,1,0,1,1,0,0,0,0,0,0,0,0,0,0,0,0,0,0,0,1,0,0,0,1
4001,0.619718309859155,0.9113545816733069,0.573598185749201,1,0,1,1,1,0,1,1,0,0,0,0,1,0,1,0,1,0,1,0,1,0,1,1,0,0,0,0
6501,0.9295774647887325,0.8710159362549801,0.7987697405527354,0,0,1,0,1,0,1,1,0,0,0,0,1,0,1,0,0,0,1,0,1,1,0,1,0,0,0,0
1239,0.02816901408450704,0.4028884462151395,0.017566741868772325,0,0,1,1,1,0,0,0,0,0,0,0,1,0,0,0,0,0,1,0,0,0,0,1,1,0,0,0
28,1.0,0.7171314741035857,0.7461870182365106,1,0,1,0,1,0,1,0,0,0,1,0,1,0,1,0,1,0,1,0,1,0,1,1,1,0,0,0
3462,0.08450704225352114,0.6668326693227091,0.0685572946042489,1,0,0,0,1,0,1,1,0,0,0,0,0,0,0,0,0,0,0,0,1,0,0,1,0,0,1,1
2714,0.7464788732394366,0.7654382470119521,0.5928922259823276,0,0,0,0,1,0,1,1,0,0,0,0,0,0,1,0,1,0,0,0,1,0,1,1,0,0,0,0
6147,0.5352112676056339,0.8052788844621512,0.4534275709719872,0,1,1,0,1,0,0,1,0,0,1,0,1,0,0,0,0,0,1,0,1,1,0,0,0,0,1,0
1639,0.22535211267605634,0.26693227091633465,0.08830372250423012,1,1,0,0,1,0,0,0,0,0,0,0,0,0,0,0,0,0,0,0,0,0,0,1,0,1,0,1
2408,0.619718309859155,0.025896414342629487,0.10258624741492761,0,0,1,1,1,0,0,0,1,1,0,1,0,1,0,1,0,1,0,1,0,0,1,0,0,0,1,0
2642,0.647887323943662,0.6678286852589641,0.4731328727204362,0,0,1,0,1,0,0,1,0,0,0,0,0,0,1,0,0,0,0,0,1,0,0,1,0,1,0,1
4802,0.3802816901408451,0.3625498007968127,0.17606692987403647,0,0,0,0,1,0,0,0,0,0,0,0,1,0,0,0,1,0,0,0,0,0,0,0,0,0,0,0
6496,0.5492957746478874,0.8326693227091633,0.47790938146268097,1,1,1,0,1,0,1,1,0,0,1,0,0,0,0,0,0,0,1,0,1,0,0,0,0,1,0,1
981,0.5492957746478874,0.013446215139442247,0.09280997367926302,1,0,1,1,1,0,0,0,1,1,0,1,0,1,0,1,0,1,0,1,0,0,1,0,0,0,1,0
5247,0.36619718309859156,0.7599601593625498,0.31790515134423764,0,0,0,0,1,0,1,1,0,0,0,0,0,0,0,0,0,0,1,0,1,0,0,1,0,0,1,1
6864,0.02816901408450704,0.07021912350597609,0.006891567963902988,0,1,0,0,0,1,0,0,0,0,0,0,0,0,0,0,0,0,0,0,0,0,0,0,0,1,0,1
3561,0.35211267605633806,0.6200199203187251,0.24319655950366612,1,0,0,0,1,0,1,1,0,0,0,0,0,0,0,0,1,0,0,0,0,0,0,1,0,1,0,1
1486,0.014084507042253521,0.3665338645418326,0.009829150216206053,0,0,0,0,1,0,0,0,0,0,0,0,1,0,0,0,1,0,0,0,0,0,0,1,1,0,0,1
2282,0.9154929577464789,0.8092629482071714,0.7993807576612145,1,1,1,1,1,0,1,1,0,0,0,0,0,0,1,0,0,0,1,0,1,0,0,1,1,0,0,1
2840,0.3098591549295775,0.6588645418326693,0.22534193457416807,0,0,1,1,1,0,0,1,0,0,1,0,1,0,0,0,1,0,0,0,0,0,0,0,0,0,1,0
2803,0.5915492957746479,0.013944223107569709,0.08932012596352698,0,0,0,0,1,0,0,0,1,1,0,1,0,1,0,1,0,1,0,1,0,0,1,1,0,0,0,0
141,0.09859154929577466,0.5268924302788844,0.06398641661966535,0,0,0,0,1,0,1,0,0,0,1,0,0,0,0,0,1,0,0,0,1,0,0,0,0,1,0,1
5520,0.7605633802816901,0.6573705179282869,0.5370781631885694,0,0,0,0,1,0,1,1,0,0,1,0,0,0,1,0,0,0,0,0,0,1,0,1,1,0,0,0
5829,0.4225352112676057,0.4153386454183267,0.2149957698815567,1,0,1,1,0,1,0,0,0,0,1,0,0,0,1,0,1,0,1,0,1,1,0,0,0,1,0,0
1831,0.295774647887324,0.45119521912350596,0.16012173340853544,0,1,1,0,1,0,1,0,0,0,1,0,1,0,0,0,1,0,0,0,0,0,0,1,0,0,1,0
5587,0.6338028169014085,0.7275896414342629,0.4826153882308705,0,1,0,0,1,0,0,1,0,0,0,0,1,0,1,0,0,0,1,0,0,1,0,1,0,0,0,0
1489,0.3098591549295775,0.39342629482071717,0.1484947828539199,0,0,1,1,1,0,0,0,0,0,1,0,1,0,0,0,1,0,0,0,0,1,0,1,0,0,1,0
5379,0.7746478873239437,0.7943227091633467,0.6170685279187818,0,0,1,0,1,0,1,1,0,0,1,0,0,0,0,0,0,0,1,0,1,1,0,1,0,1,0,0
5753,0.014084507042253521,0.016434262948207157,0.0017155480353449903,1,0,0,0,1,0,0,0,1,1,0,1,0,1,0,1,0,1,0,1,0,0,0,1,1,0,0,0
3147,0.19718309859154928,0.8316733067729083,0.1939156796390299,0,0,1,0,1,0,0,1,0,0,1,0,0,0,1,0,0,0,1,0,1,0,0,0,0,1,0,0
2441,0.014084507042253521,0.6299800796812749,0.016855846963714987,0,1,0,0,1,0,0,1,0,0,0,0,0,0,0,0,0,0,1,0,0,0,0,0,0,0,1,0
3613,0.7605633802816901,0.3167330677290836,0.32012008836247413,1,1,0,0,0,1,0,0,0,0,0,0,0,0,1,0,0,0,1,0,1,1,0,1,0,0,0,0
1785,0.943661971830986,0.7365537848605577,0.7489365952246664,1,0,1,1,1,0,1,0,0,0,1,0,1,0,1,0,1,0,1,0,1,0,1,1,1,0,0,0
3802,0.0,0.017430278884462136,0.00010575296108291006,1,0,0,0,1,0,0,0,1,1,0,1,0,1,0,1,0,1,0,1,0,0,0,0,0,0,1,0
1674,0.3098591549295775,0.06822709163346613,0.06960307388606882,0,0,1,1,1,0,1,0,1,1,0,1,0,1,0,1,0,1,0,1,0,0,1,0,0,0,1,0
6461,0.676056338028169,0.6678286852589641,0.5027789528106786,1,0,1,0,1,0,0,1,0,0,0,0,1,0,0,0,0,0,1,0,0,0,0,1,1,0,0,0
5260,0.4507042253521127,0.7211155378486056,0.3490435232186501,0,0,0,0,1,0,1,1,0,0,1,0,0,0,0,0,0,0,0,0,1,0,0,1,0,1,0,0
3378,1.0,0.6593625498007969,0.7066647866140252,1,0,1,0,1,0,0,0,0,0,1,0,1,0,1,0,1,0,1,0,1,0,1,0,0,0,1,0
1583,0.07042253521126761,0.3057768924302789,0.029863461176912954,0,0,1,1,1,0,1,0,0,0,0,0,0,0,0,0,0,0,0,0,0,0,0,1,1,0,0,0
1398,0.323943661971831,0.6583665338645417,0.22548293852227863,0,0,0,0,1,0,1,1,0,0,1,0,0,0,0,0,1,0,0,0,0,0,0,1,0,1,0,0
1775,0.9014084507042254,0.904382470119522,0.8329925737920661,1,1,0,0,1,0,1,1,0,0,1,0,0,0,1,0,1,0,1,0,1,0,1,1,0,1,0,0
873,0.8309859154929577,0.324203187250996,0.35348514758413235,0,0,0,0,0,1,0,0,0,0,0,0,1,0,0,0,0,0,1,0,1,0,0,1,0,1,0,1
2907,0.26760563380281693,0.7046812749003983,0.21166455160744502,1,0,1,0,1,0,0,1,0,0,0,0,0,0,0,0,0,0,1,0,1,0,0,1,0,0,1,1
6005,0.8309859154929577,0.5328685258964143,0.5117797048317353,1,1,0,0,1,0,1,0,0,0,1,0,1,0,0,0,0,0,0,0,1,1,0,1,0,1,0,0
2462,0.0,0.5199203187250996,0.006033793946230494,1,0,0,1,1,0,0,0,0,0,1,0,1,0,0,0,1,0,0,0,1,0,0,1,0,0,0,0
2065,0.46478873239436624,0.6683266932270915,0.3381157172400827,0,0,0,0,1,0,1,1,0,0,0,0,0,0,0,0,0,0,1,0,0,0,0,0,0,1,0,0
6913,0.9577464788732395,0.9013944223107571,0.8782137149840196,0,0,1,1,1,0,1,1,0,0,0,0,1,0,1,0,1,0,1,0,1,1,0,1,0,0,0,0
2128,0.5633802816901409,0.5607569721115537,0.3530327599172777,1,0,1,1,1,0,1,0,0,0,1,0,1,0,1,0,0,0,1,0,0,0,0,1,1,0,0,0
5480,0.0,0.2704183266932271,0.0030903365294228237,0,0,0,0,1,0,0,0,0,0,0,0,0,0,0,0,0,0,0,0,0,0,0,1,0,0,1,0
3450,0.971830985915493,0.8620517928286853,0.8565813592780598,1,1,1,0,1,0,1,1,0,0,0,0,1,0,1,0,0,0,1,0,1,1,0,1,0,1,0,0
5106,0.7183098591549296,0.4103585657370518,0.3554004512126339,0,0,0,0,1,0,0,0,0,0,0,0,0,0,1,0,0,0,0,0,1,0,0,1,0,1,0,0
2341,0.943661971830986,0.9626494023904384,0.9193986181613085,0,0,1,0,1,0,1,1,0,0,1,0,1,0,1,0,1,0,1,0,1,0,1,0,0,0,0,0
4097,0.8873239436619719,0.8057768924302788,0.7228919909757473,1,0,0,1,1,0,0,1,0,0,0,0,1,0,0,0,1,0,1,0,1,0,0,1,1,0,0,0
5048,0.7464788732394366,0.8052788844621512,0.6366328257191202,0,1,1,0,1,0,0,1,0,0,0,0,0,0,1,0,1,0,1,0,1,1,0,1,0,1,0,0
3236,0.2112676056338028,0.36902390438247007,0.10061219214137997,1,0,0,0,1,0,1,0,0,0,0,0,1,0,0,0,0,0,0,0,0,0,0,0,0,1,0,0
5433,0.7605633802816901,0.8232071713147411,0.6501398289152096,1,0,0,0,1,0,0,1,0,0,1,0,1,0,0,0,0,0,1,0,1,1,0,1,0,0,1,0
1606,1.0,0.8550796812749004,0.8728849407783418,1,1,1,1,1,0,0,1,0,0,1,0,0,0,1,0,1,0,1,0,1,0,1,1,1,0,0,0
3416,0.15492957746478872,0.5139442231075697,0.09616469261139311,1,0,0,1,1,0,0,0,0,0,1,0,0,0,0,0,0,0,1,0,1,0,0,1,0,0,1,0
5823,0.295774647887324,0.017928286852589653,0.05300573416055649,0,0,0,0,1,0,0,0,1,1,0,1,0,1,0,1,0,1,0,1,0,0,0,1,0,0,1,0
7018,0.0,0.5219123505976095,0.0060572946042489195,1,0,1,1,1,0,0,1,0,0,0,0,0,0,0,0,0,0,0,0,0,0,0,1,0,0,1,1
798,0.0,0.017430278884462136,0.00010575296108291006,0,0,1,1,1,0,0,0,1,1,0,1,0,1,0,1,0,1,0,1,0,0,0,0,0,1,0,0
2711,0.3802816901408451,0.7156374501992031,0.3031408629441624,0,0,1,1,1,0,0,1,0,0,0,0,0,0,0,0,0,0,1,0,1,1,0,1,0,0,0,1
4706,0.0,0.26095617529880477,0.0029787084038353077,0,0,0,0,1,0,0,0,0,0,0,0,0,0,0,0,0,0,0,0,0,0,0,1,0,0,1,1
1465,0.0,0.5612549800796811,0.006521432600112802,1,0,1,1,1,0,0,1,0,0,0,0,1,0,0,0,0,0,0,0,0,0,0,0,1,0,0,0
564,0.08450704225352114,0.4586653386454183,0.05015627937582252,1,0,0,0,1,0,0,0,0,0,0,0,0,0,1,0,1,0,1,0,0,0,0,0,0,0,0,0
2534,0.9577464788732395,0.8859561752988048,0.8575390110923107,1,0,1,0,1,0,1,1,0,0,1,0,1,0,1,0,1,0,0,0,1,1,0,1,1,0,0,0
2362,0.676056338028169,0.20866533864541836,0.2137443598420756,1,0,1,1,0,1,0,0,0,0,1,0,0,0,0,0,0,0,0,0,1,0,0,1,0,1,0,0
6813,0.8873239436619719,0.2948207171314741,0.3675972927241963,0,0,1,0,0,1,0,0,0,0,1,0,0,0,1,0,1,0,0,0,1,0,1,0,0,1,0,1
4384,0.014084507042253521,0.6120517928286853,0.017143730024440685,0,0,1,0,1,0,0,1,0,0,0,0,1,0,1,0,0,0,0,0,0,0,0,0,0,0,0,1
3814,1.0,0.7016932270916334,0.7382261703327693,1,0,1,0,1,0,1,0,0,0,1,0,1,0,1,0,1,0,1,0,1,0,1,1,1,0,0,0
4582,0.971830985915493,0.7161354581673307,0.7306295826283137,1,0,1,1,1,0,1,0,0,0,1,0,1,0,1,0,1,0,1,0,1,0,1,1,1,0,0,0
1648,0.8309859154929577,0.6245019920318726,0.5687159240458733,1,1,1,1,1,0,1,1,0,0,1,0,0,0,0,0,0,0,0,0,0,0,0,1,0,1,0,0
3383,0.07042253521126761,0.5702191235059761,0.04922212821959015,1,0,1,0,1,0,1,1,0,0,0,0,0,0,0,0,0,0,0,0,0,0,0,1,0,1,0,1
1137,0.9859154929577465,0.015438247011952178,0.1618196559503666,1,0,1,1,1,0,0,0,1,1,0,1,0,1,0,1,0,1,0,1,0,0,1,0,0,0,1,0
3290,0.04225352112676056,0.16683266932270913,0.0137067587892461,0,0,0,0,0,1,0,0,0,0,1,0,0,0,1,0,0,0,0,0,0,0,0,0,0,0,1,0
1102,0.02816901408450704,0.3774900398406374,0.01751386538823087,1,0,1,1,1,0,0,0,0,0,0,0,1,0,1,0,0,0,0,0,0,0,0,1,0,0,1,1
1784,0.04225352112676056,0.02091633466135459,0.006862192141379958,0,0,0,0,1,0,0,0,1,1,0,1,0,1,0,1,0,1,0,1,0,0,0,0,0,0,1,1
1629,0.943661971830986,0.5249003984063745,0.554891661966535,1,0,1,0,1,0,0,0,0,0,1,0,1,0,1,0,0,0,0,0,1,0,1,0,0,0,0,0
3609,0.8450704225352113,0.8535856573705181,0.7524793194209438,0,0,0,0,1,0,1,1,0,0,0,0,1,0,1,0,0,0,1,0,1,1,0,1,0,1,0,0
3460,0.6619718309859155,0.8147410358565736,0.565766591464561,0,0,1,0,1,0,0,1,0,0,0,0,0,0,1,0,1,0,1,0,1,0,0,1,1,0,0,0
6866,0.0,0.7689243027888446,0.008971376198533559,1,0,0,0,1,0,1,1,0,0,0,0,0,0,0,0,0,0,1,0,1,0,0,1,0,1,0,1
1481,1.0,0.46663346613545814,0.5564015792442188,1,0,1,1,0,1,0,0,0,0,1,0,1,0,1,0,1,0,1,0,1,0,1,1,1,0,0,0
4931,0.19718309859154928,0.8486055776892432,0.17868725324309082,1,0,1,0,1,0,1,1,0,0,0,0,0,0,1,0,1,0,1,0,1,0,0,1,0,1,0,0
6292,0.5352112676056339,0.8142430278884463,0.44844543147208127,1,0,1,1,1,0,1,1,0,0,0,0,0,0,1,0,0,0,1,0,1,1,0,0,0,1,0,0
1056,0.056338028169014086,0.6150398406374502,0.04622579432224102,0,0,0,0,1,0,0,1,0,0,0,0,0,0,0,0,0,0,0,0,1,0,0,1,0,1,0,1
87,0.6619718309859155,0.0239043824701195,0.12195666478661403,0,0,1,1,1,0,0,0,1,1,0,1,0,1,0,1,0,1,0,1,0,0,1,0,0,0,0,0
2606,0.4225352112676057,0.8575697211155378,0.3744242338785486,0,0,0,0,1,0,1,1,0,0,1,0,1,0,0,0,0,0,1,0,1,0,0,0,0,1,0,0
2778,0.16901408450704225,0.5617529880478087,0.1112932412107539,0,0,0,0,1,0,0,1,0,0,0,0,1,0,0,0,0,0,0,0,0,1,0,1,0,0,1,0
1251,0.0,0.5732071713147411,0.006662436548223349,0,0,0,0,1,0,0,1,0,0,0,0,1,0,0,0,0,0,0,0,0,0,0,0,0,1,0,1
3075,0.9859154929577465,0.8710159362549801,0.8757578962210941,1,0,1,0,1,0,1,1,0,0,0,0,1,0,1,0,0,0,1,0,1,1,0,1,0,0,0,0
4351,0.08450704225352114,0.02091633466135459,0.015451682647114119,0,0,0,0,1,0,0,0,1,1,0,1,0,1,0,1,0,1,0,1,0,0,0,0,0,0,1,0
3106,0.6901408450704226,0.01145418326693226,0.11807318104906937,0,0,0,0,1,0,0,0,1,1,0,1,0,1,0,1,0,1,0,1,0,0,1,0,1,0,0,0
1246,0.619718309859155,0.8655378486055778,0.5536520022560631,0,0,1,1,1,0,1,1,0,0,1,0,1,0,0,0,0,0,1,0,1,0,0,1,0,1,0,0
6131,0.647887323943662,0.7649402390438247,0.5270551325437113,0,1,0,0,1,0,1,1,0,0,0,0,1,0,0,0,1,0,1,0,0,0,0,1,0,1,0,1
639,0.1267605633802817,0.6673306772908367,0.0982562511750329,1,0,1,0,1,0,1,1,0,0,0,0,0,0,0,0,0,0,0,0,1,0,0,1,0,1,0,1
2673,0.295774647887324,0.8276892430278884,0.27002256063169766,1,0,0,0,1,0,1,1,0,0,1,0,0,0,0,0,0,0,1,0,1,0,0,1,0,0,0,1
4117,0.8732394366197184,0.8112549800796813,0.7415985147584132,1,0,1,0,1,0,0,1,0,0,1,0,0,0,1,0,0,0,1,0,1,0,1,0,1,0,0,0
2784,0.04225352112676056,0.7953187250996014,0.044322241022748635,0,0,0,1,1,0,0,1,0,0,0,0,0,0,1,0,1,0,1,0,1,0,0,1,0,0,0,1
6782,0.14084507042253522,0.32719123505976094,0.06016755969167136,0,0,0,0,1,0,0,0,0,0,0,0,1,0,0,0,0,0,0,0,0,0,0,0,0,1,0,0
5496,0.5915492957746479,0.05976095617529881,0.124418358714044,1,0,1,1,1,0,1,0,1,1,0,1,0,1,0,1,0,1,0,1,0,0,1,0,0,0,1,0
2072,0.5352112676056339,0.010956175298804799,0.08931425079902237,1,0,0,1,1,0,0,0,1,1,0,1,0,1,0,1,0,1,0,1,0,1,0,0,0,0,0,0
2452,0.19718309859154928,0.5572709163346614,0.13099266779469826,1,1,0,0,1,0,1,1,0,0,0,0,0,0,0,0,0,0,0,0,0,0,0,1,1,0,0,1
5804,0.9859154929577465,0.05627490039840635,0.19322241022748637,0,0,1,1,1,0,1,0,1,1,0,1,0,1,0,1,0,1,0,1,0,0,1,0,1,0,0,0
4053,0.14084507042253522,0.41832669322709165,0.07565449332581313,1,1,0,0,1,0,1,0,0,0,1,0,1,0,0,0,0,0,0,0,0,0,0,0,0,0,0,0
706,0.9014084507042254,0.4118525896414343,0.4371944914457605,0,0,0,0,1,0,0,0,0,0,1,0,1,0,0,0,1,0,0,0,0,0,1,1,0,0,1,0
3670,0.4507042253521127,0.05976095617529881,0.09628219590148523,0,0,1,1,1,0,1,0,1,1,0,1,0,1,0,1,0,1,0,1,0,0,0,0,0,0,0,0
6531,0.33802816901408456,0.473605577689243,0.19512008836247416,0,0,0,0,1,0,0,0,0,0,0,0,1,0,0,0,1,0,0,0,1,0,0,1,0,0,0,0
561,0.02816901408450704,0.05328685258964144,0.008219355141943973,1,0,1,0,1,0,1,0,1,1,0,1,0,1,0,1,0,1,0,1,0,0,0,1,0,0,1,0
340,0.4366197183098592,0.3625498007968127,0.21279845835683397,0,1,0,0,1,0,0,0,0,0,0,0,1,0,0,0,1,0,0,0,0,0,0,0,0,0,0,0
3504,0.943661971830986,0.016932270916334646,0.15963996991915774,1,0,1,1,1,0,0,0,1,1,0,1,0,1,0,1,0,1,0,1,0,0,1,0,0,0,0,0
6345,0.014084507042253521,0.3814741035856573,0.011650451212633953,0,1,0,0,1,0,1,0,0,0,0,0,1,0,0,0,0,0,0,0,0,0,0,1,1,0,0,0
6028,0.15492957746478872,0.6235059760956174,0.09956641285956007,1,0,1,0,1,0,0,1,0,0,1,0,0,0,0,0,1,0,0,0,0,0,0,0,0,0,0,1
396,0.4507042253521127,0.9128486055776894,0.43189509306260576,1,1,1,0,1,0,1,1,0,0,1,0,0,0,1,0,1,0,1,0,1,0,0,1,0,0,0,0
726,0.295774647887324,0.07968127490039839,0.06895093062605752,0,0,0,0,1,0,1,0,1,1,0,1,0,1,0,1,0,1,0,1,0,0,1,0,0,0,1,0
5566,1.0,0.6364541832669324,0.6774299680391052,1,0,1,0,1,0,1,0,0,0,0,0,1,0,1,0,0,0,1,0,1,0,1,0,0,0,0,0
5479,0.11267605633802817,0.5059760956175299,0.07430908065425831,0,0,0,0,1,0,0,1,0,0,0,0,0,0,0,0,0,0,0,0,0,0,0,0,0,1,0,0
3599,0.619718309859155,0.6279880478087649,0.4138465877044557,0,0,1,1,1,0,1,0,0,0,1,0,1,0,1,0,1,0,1,0,0,0,0,0,0,0,1,0
3996,0.323943661971831,0.02490039840637448,0.05498566459860876,1,0,0,0,1,0,0,0,1,1,0,1,0,1,0,1,0,1,0,1,0,0,1,0,0,0,1,0
2548,0.09859154929577466,0.5149402390438247,0.06387478849407784,1,1,0,0,1,0,0,1,0,0,0,0,0,0,0,0,0,0,0,0,0,0,0,1,1,0,0,0
411,0.6338028169014085,0.06175298804780874,0.12303181989095696,0,0,1,0,1,0,1,0,1,1,0,1,0,1,0,1,0,1,0,1,0,1,0,1,0,0,0,0
1788,0.7887323943661972,0.013446215139442247,0.1310337939462305,0,0,1,0,1,0,0,0,1,1,0,1,0,1,0,1,0,1,0,1,0,0,1,1,0,0,0,0
4163,0.9014084507042254,0.48605577689243024,0.5041419909757473,1,0,1,0,1,0,1,0,0,0,1,0,1,0,1,0,0,0,0,0,0,1,0,0,1,0,0,0
4309,0.295774647887324,0.32221115537848605,0.12387196841511561,0,0,0,0,0,1,0,0,0,0,0,0,0,0,1,0,0,0,1,0,1,0,0,1,0,1,0,0
2859,0.971830985915493,0.700199203187251,0.7387901861252115,1,1,1,0,1,0,1,0,0,0,1,0,1,0,1,0,1,0,1,0,1,0,1,1,1,0,0,0
1202,0.7323943661971831,0.7569721115537849,0.5697558281631886,1,0,1,0,1,0,0,1,0,0,0,0,1,0,0,0,0,0,1,0,1,1,0,1,0,0,0,1
2469,0.3943661971830986,0.017430278884462136,0.06817540891144952,0,0,0,0,1,0,0,0,1,1,0,1,0,1,0,1,0,1,0,1,0,1,0,0,0,0,1,0
4922,0.8450704225352113,0.41384462151394413,0.42564391802970486,0,0,1,1,1,0,1,0,0,0,1,0,1,0,0,0,0,0,0,0,0,0,0,0,0,1,0,0
96,0.9859154929577465,0.4840637450199203,0.5557435608197029,1,0,1,1,1,0,1,0,0,0,1,0,1,0,0,0,1,0,0,0,0,1,0,1,1,0,0,0
5093,0.676056338028169,0.47709163346613553,0.3736487121639406,1,0,0,0,1,0,1,0,0,0,0,0,0,0,0,0,1,0,1,0,0,0,1,1,0,0,0,0
3320,0.23943661971830985,0.4068725099601594,0.11655738860688099,1,1,1,0,1,0,0,0,0,0,1,0,0,0,0,0,0,0,0,0,1,0,0,1,1,0,0,0
2583,0.7887323943661972,0.5139442231075697,0.46812135739800714,0,1,0,0,1,0,0,0,0,0,1,0,0,0,1,0,1,0,1,0,0,0,1,0,0,0,0,0
3242,0.056338028169014086,0.021912350597609542,0.010316788870088363,1,0,0,1,1,0,0,0,1,1,0,1,0,1,0,1,0,1,0,1,0,0,1,0,0,0,1,0
165,0.9577464788732395,0.016434262948207157,0.157965548035345,1,0,1,0,1,0,0,0,1,1,0,1,0,1,0,1,0,1,0,1,0,0,1,0,0,0,1,0
2807,0.08450704225352114,0.01195219123505975,0.013824262079338222,1,0,0,1,1,0,0,0,1,1,0,1,0,1,0,1,0,1,0,1,0,1,0,0,0,0,1,0
6250,0.9577464788732395,0.8057768924302788,0.8056319326941155,0,0,1,0,1,0,1,1,0,0,1,0,0,0,0,0,0,0,1,0,1,0,1,0,0,0,0,0
6375,0.0,0.5582669322709164,0.006486181613085165,0,0,0,0,1,0,0,1,0,0,0,0,1,0,0,0,0,0,0,0,0,0,0,1,1,0,0,1
5811,0.8450704225352113,0.624003984063745,0.5773406655386351,1,0,1,0,1,0,1,0,0,0,0,0,1,0,1,0,0,0,1,0,1,0,1,0,0,0,0,0
5637,0.8873239436619719,0.7171314741035857,0.6591993325813122,1,0,1,1,1,0,1,1,0,0,0,0,0,0,1,0,0,0,0,0,1,1,0,0,1,0,0,0
4807,0.46478873239436624,0.9750996015936255,0.4615294228238391,0,0,0,1,1,0,1,1,0,0,1,0,1,0,1,0,1,0,1,0,1,0,1,1,1,0,0,0
3208,0.6619718309859155,0.5209163346613546,0.39967569091934574,1,0,1,0,1,0,1,0,0,0,0,0,1,0,1,0,0,0,0,0,1,1,0,1,1,0,0,0
5812,0.0,0.5253984063745021,0.006098420755781162,1,0,1,1,1,0,0,1,0,0,0,0,0,0,0,0,0,0,0,0,0,0,0,1,0,1,0,1
2964,0.323943661971831,0.39940239043824705,0.15602086858432038,1,0,1,0,1,0,1,0,0,0,1,0,0,0,0,0,1,0,0,0,0,1,0,1,0,1,0,0
6209,0.3943661971830986,0.06573705179282868,0.09035415491633765,1,0,0,0,0,1,0,0,0,0,0,0,0,0,0,0,0,0,0,0,0,1,0,1,0,0,1,0
210,0.014084507042253521,0.27639442231075695,0.007684715172024816,1,0,0,0,1,0,0,0,0,0,0,0,0,0,0,0,0,0,0,0,0,0,0,1,1,0,0,1
3679,0.0,0.018426294820717143,0.00011750329009212277,1,0,0,0,1,0,0,0,1,1,0,1,0,1,0,1,0,1,0,1,0,0,0,1,0,0,1,1
5856,0.14084507042253522,0.26294820717131473,0.05324661590524535,0,0,0,0,1,0,0,0,0,0,0,0,0,0,0,0,0,0,0,0,0,0,0,1,0,0,1,0
2149,0.6338028169014085,0.825199203187251,0.5470130663658582,0,0,0,0,1,0,1,1,0,0,0,0,0,0,1,0,0,0,1,0,1,1,0,1,0,1,0,0
575,0.8450704225352113,0.6254980079681274,0.5556201823651062,1,0,1,0,1,0,0,0,0,0,1,0,1,0,0,0,1,0,1,0,1,0,1,1,0,0,1,0
774,0.4507042253521127,0.7724103585657369,0.3545838033464937,1,0,1,0,1,0,0,1,0,0,0,0,0,0,1,0,0,0,1,0,1,1,0,1,0,1,0,1
5746,0.1267605633802817,0.625,0.09387925361910134,0,0,0,0,1,0,1,1,0,0,0,0,1,0,0,0,0,0,0,0,0,0,0,1,1,0,0,1
2648,0.47887323943661975,0.4118525896414343,0.24391332957322806,1,0,0,0,1,0,1,0,0,0,1,0,0,0,1,0,0,0,0,0,0,0,0,1,0,1,0,0
6847,0.23943661971830985,0.37549800796812755,0.12498824967099079,0,0,1,1,1,0,0,0,0,0,0,0,0,0,0,0,0,0,1,0,0,0,0,0,0,0,1,0
1256,1.0,0.673804780876494,0.7157889170896785,0,0,1,1,1,0,1,0,0,0,1,0,0,0,1,0,1,0,1,0,1,0,1,1,1,0,0,0
6796,0.014084507042253521,0.3829681274900399,0.011098185749200977,1,0,1,1,1,0,1,0,0,0,1,0,0,0,0,0,0,0,0,0,0,0,0,0,0,0,1,1
6889,0.02816901408450704,0.7131474103585658,0.026479366422259825,1,0,0,0,1,0,0,1,0,0,0,0,0,0,1,0,1,0,1,0,0,0,0,1,0,0,1,0
3719,0.3802816901408451,0.0,0.06058469637149841,1,0,0,0,1,0,0,0,1,1,0,1,0,1,0,1,0,1,0,1,0,1,0,0,1,0,0,0
6278,0.971830985915493,0.8570717131474104,0.8424280879864636,0,0,1,0,1,0,1,1,0,0,0,0,0,0,1,0,1,0,1,0,1,0,1,1,0,0,0,0
6279,0.28169014084507044,0.2659362549800797,0.106593109607069,0,0,1,1,1,0,0,0,0,0,0,0,0,0,0,0,0,0,0,0,0,0,0,1,0,1,0,0
4029,0.7746478873239437,0.26693227091633465,0.2985758601240835,0,0,0,0,0,1,0,0,0,0,1,0,1,0,1,0,1,0,0,0,0,0,1,0,0,0,0,0
3579,0.5492957746478874,0.62699203187251,0.38461176912953565,1,0,1,1,1,0,1,1,0,0,0,0,0,0,1,0,0,0,0,0,0,0,0,1,0,1,0,0
1045,0.5915492957746479,0.8072709163346614,0.4924386632825719,0,0,1,1,1,0,1,1,0,0,0,0,0,0,1,0,0,0,1,0,1,0,0,1,0,0,0,0
5843,0.47887323943661975,0.6309760956175299,0.32855682459108854,1,1,1,0,1,0,1,1,0,0,0,0,0,0,1,0,0,0,0,0,0,1,0,1,0,0,0,0
1578,0.08450704225352114,0.4108565737051793,0.046631180673058846,0,0,0,0,1,0,0,0,0,0,0,0,0,0,0,0,1,0,1,0,0,0,0,1,0,0,1,1
4638,0.014084507042253521,0.5707171314741035,0.017296484301560448,0,0,0,0,1,0,1,1,0,0,0,0,0,0,0,0,0,0,0,0,0,0,0,1,0,1,0,1
5139,0.6901408450704226,0.06673306772908366,0.1459802124459485,1,0,1,1,1,0,1,0,1,1,0,1,0,1,0,1,0,1,0,1,0,0,1,0,0,0,1,0
4098,0.0,0.019422310756972094,0.00012925361910133461,1,0,0,0,1,0,0,0,1,1,0,1,0,1,0,1,0,1,0,1,0,0,0,1,0,0,1,1
1642,0.3943661971830986,0.015936254980079695,0.0650909475465313,0,0,1,0,1,0,0,0,1,1,0,1,0,1,0,1,0,1,0,1,0,0,0,0,0,0,1,0
790,0.8309859154929577,0.41434262948207173,0.41961599924797893,0,0,1,1,0,1,0,0,0,0,1,0,0,0,1,0,1,0,1,0,1,0,1,0,1,0,0,0
4910,0.4084507042253521,0.6683266932270915,0.2950860124083474,0,0,0,0,1,0,0,0,0,0,1,0,1,0,1,0,1,0,1,0,1,1,0,0,0,0,0,1
1673,0.5633802816901409,0.9497011952191234,0.5376774299680391,0,0,1,0,1,0,1,1,0,0,1,0,1,0,1,0,1,0,1,0,1,0,0,1,0,0,0,1
1471,0.4225352112676057,0.701195219123506,0.31304051513442377,1,0,1,0,1,0,1,1,0,0,0,0,0,0,1,0,0,0,1,0,0,0,0,0,1,0,0,0
1985,0.15492957746478872,0.10906374501992028,0.034075954126715546,0,0,1,1,0,1,0,0,0,0,0,0,1,0,0,0,0,0,0,0,0,0,0,0,0,0,1,1
495,0.295774647887324,0.2539840637450199,0.10393166008648243,1,0,0,0,0,1,0,0,0,0,0,0,1,0,1,0,0,0,0,0,1,1,0,1,0,0,0,1
5464,0.33802816901408456,0.02490039840637448,0.056436830231246474,1,0,0,0,1,0,0,0,1,1,0,1,0,1,0,1,0,1,0,1,0,0,1,1,0,0,1,0
5788,0.04225352112676056,0.06872509960159362,0.009500141003948111,0,0,1,0,0,1,0,0,0,0,0,0,0,0,0,0,0,0,0,0,0,0,0,1,0,1,0,0
5932,0.056338028169014086,0.7589641434262948,0.05628407595412672,1,0,1,0,1,0,0,1,0,0,0,0,0,0,1,0,0,0,1,0,1,0,0,1,0,1,0,1
2848,0.323943661971831,0.37848605577689237,0.16863484677570972,1,0,1,1,1,0,0,0,0,0,1,0,0,0,1,0,0,0,0,0,0,1,0,1,1,0,0,0
6499,0.0,0.0204183266932271,0.0001410039481105469,1,0,0,0,1,0,0,0,1,1,0,1,0,1,0,1,0,1,0,1,0,0,0,0,0,0,1,0
2747,0.08450704225352114,0.01145418326693226,0.017572617033276935,1,0,0,0,1,0,0,0,1,1,0,1,0,1,0,1,0,1,0,1,0,0,0,1,0,0,1,0
6780,0.16901408450704225,0.26444223107569714,0.0634635269787554,1,0,1,1,1,0,0,0,0,0,0,0,0,0,0,0,0,0,0,0,0,0,0,0,0,0,0,0
4887,0.5211267605633804,0.021912350597609542,0.08955513254371122,0,0,1,1,1,0,0,0,1,1,0,1,0,1,0,1,0,1,0,1,0,0,0,0,0,0,1,0
1720,0.014084507042253521,0.6528884462151394,0.016990975747320926,0,1,0,0,1,0,0,1,0,0,0,0,1,0,0,0,0,0,1,0,0,0,0,1,0,0,0,0
5973,0.8873239436619719,0.8580677290836654,0.7841640815942846,1,0,0,0,1,0,1,1,0,0,0,0,1,0,1,0,0,0,1,0,1,0,1,1,0,0,0,0
220,0.04225352112676056,0.5169322709163346,0.029287695055461558,0,0,0,0,1,0,0,1,0,0,0,0,0,0,0,0,0,0,0,0,0,0,0,1,0,1,0,1
6176,0.5915492957746479,0.593625498007968,0.3932541361158112,1,0,0,0,1,0,1,1,0,0,0,0,1,0,0,0,0,0,0,0,0,0,0,1,0,1,0,1
4548,0.295774647887324,0.6578685258964143,0.21580066741868772,0,0,0,0,1,0,0,1,0,0,0,0,1,0,0,0,0,0,0,0,1,0,0,1,0,0,1,1
5361,0.04225352112676056,0.021414342629482053,0.007714090994547847,0,0,0,1,1,0,0,0,1,1,0,1,0,1,0,1,0,1,0,1,0,1,0,1,0,0,1,0
535,0.15492957746478872,0.7101593625498008,0.1178146738108667,1,0,0,0,1,0,1,1,0,0,0,0,0,0,1,0,0,0,1,0,0,0,0,1,0,1,0,0
3238,0.35211267605633806,0.013944223107569709,0.05590806542583192,0,0,1,1,1,0,0,0,1,1,0,1,0,1,0,1,0,1,0,1,0,0,1,0,1,0,0,0
1651,0.0,0.6060756972111554,0.007050197405527354,1,1,0,0,1,0,0,1,0,0,0,0,0,0,0,0,0,0,1,0,0,0,0,1,0,1,0,1
6624,0.8873239436619719,0.4163346613545816,0.4496087140439932,1,0,1,1,0,1,0,0,0,0,1,0,0,0,1,0,1,0,1,0,1,0,1,1,0,0,0,0
3915,0.8169014084507042,0.6274900398406373,0.5429063263771385,0,0,1,0,1,0,0,1,0,0,1,0,0,0,1,0,0,0,0,0,0,1,0,1,1,0,0,0
1556,0.0,0.7315737051792828,0.008530738860688098,0,0,0,0,1,0,0,1,0,0,0,0,1,0,0,0,1,0,1,0,0,0,0,0,0,1,0,1
3247,1.0,0.9297808764940239,0.9392801748448957,0,0,0,0,1,0,1,1,0,0,0,0,1,0,1,0,1,0,1,0,1,0,1,1,0,0,0,0
4034,0.09859154929577466,0.26294820717131473,0.0411320266967475,1,0,1,1,1,0,0,0,0,0,0,0,0,0,0,0,0,0,0,0,0,0,0,0,0,0,0,0
4672,0.16901408450704225,0.25647410358565736,0.07523148148148148,1,0,0,1,1,0,0,0,0,0,0,0,0,0,0,0,0,0,0,0,0,0,0,0,0,0,1,0
1634,0.8732394366197184,0.4058764940239044,0.4334108855047941,1,0,1,1,0,1,0,0,0,0,1,0,1,0,1,0,0,0,1,0,1,0,1,0,0,1,0,0
2017,0.5211267605633804,0.021414342629482053,0.0851193833427336,1,0,1,0,1,0,0,0,1,1,0,1,0,1,0,1,0,1,0,1,0,0,1,0,0,0,0,0
5647,0.6338028169014085,0.5064741035856573,0.3700061101710848,0,0,1,0,1,0,0,0,0,0,0,0,1,0,0,0,0,0,1,0,1,0,0,1,1,0,0,0
3256,0.8450704225352113,0.6638446215139442,0.6163517578492198,1,0,1,1,1,0,0,0,0,0,1,0,1,0,1,0,1,0,1,0,1,1,0,0,0,0,0,0
3293,0.056338028169014086,0.45567729083665337,0.041261280315848844,0,0,0,0,1,0,1,0,0,0,0,0,1,0,0,0,0,0,0,0,1,0,0,1,0,1,0,0
3124,0.943661971830986,0.643426294820717,0.6765075672118819,1,0,1,1,1,0,0,0,0,0,1,0,1,0,0,0,1,0,1,0,1,0,1,0,0,0,0,0
1693,1.0,0.9581673306772909,0.9818516168452716,1,0,1,0,1,0,1,1,0,0,1,0,1,0,1,0,1,0,1,0,1,0,1,0,1,0,0,0
5942,0.11267605633802817,0.30378486055776893,0.04971564203797706,0,0,1,0,0,1,0,0,0,0,0,0,0,0,1,0,0,0,1,0,1,0,0,1,0,1,0,1
6577,0.971830985915493,0.5448207171314741,0.6164751363038166,1,0,1,0,1,0,1,0,0,0,0,0,1,0,1,0,1,0,1,0,0,0,1,0,0,0,0,0
5060,0.23943661971830985,0.16882470119521914,0.0691154352321865,0,0,0,0,0,1,0,0,0,0,0,0,0,0,1,0,1,0,0,0,0,0,0,1,0,1,0,0
2533,0.9295774647887325,0.325199203187251,0.38336035909005456,1,0,1,1,0,1,0,0,0,0,1,0,0,0,0,0,0,0,1,0,1,0,1,0,1,0,0,0
2821,0.0,0.5592629482071714,0.006497931942094378,1,1,1,0,1,0,1,1,0,0,0,0,0,0,0,0,0,0,0,0,0,0,0,1,0,1,0,1
3307,0.6619718309859155,0.6115537848605579,0.45252867080278253,0,0,1,1,1,0,1,0,0,0,0,0,1,0,0,0,1,0,1,0,1,0,1,0,0,1,0,0
3132,0.0,0.5582669322709164,0.006486181613085165,1,0,0,0,1,0,0,1,0,0,0,0,0,0,0,0,1,0,0,0,0,0,0,1,0,0,1,0
5979,0.7323943661971831,0.013944223107569709,0.11267390486933634,1,0,0,0,1,0,0,0,1,1,0,1,0,1,0,1,0,1,0,1,0,0,1,0,0,0,0,0
491,0.014084507042253521,0.4058764940239044,0.011168687723256252,0,0,0,0,1,0,0,0,0,0,0,0,1,0,0,0,0,0,1,0,0,0,0,1,0,1,0,0
5097,0.47887323943661975,0.7818725099601593,0.39766638465877047,1,0,0,0,1,0,1,1,0,0,1,0,1,0,1,0,1,0,0,0,0,0,0,1,0,0,1,0
1216,0.7464788732394366,0.021414342629482053,0.12590477533370933,1,0,1,1,1,0,0,0,1,1,0,1,0,1,0,1,0,1,0,1,0,0,1,0,1,0,0,0
420,0.056338028169014086,0.0602589641434263,0.01329549727392367,0,0,1,1,1,0,1,0,1,1,0,1,0,1,0,1,0,1,0,1,0,0,0,1,0,0,1,0
4719,0.49295774647887325,0.6638446215139442,0.3581617785297988,1,0,0,0,1,0,1,1,0,0,0,0,0,0,0,0,0,0,0,0,1,0,0,1,0,1,0,1
1504,0.23943661971830985,0.5263944223107568,0.1443704173716864,0,0,0,0,1,0,0,1,0,0,0,0,0,0,0,0,0,0,0,0,0,0,0,1,0,1,0,0
3506,0.25352112676056343,0.6623505976095618,0.19186524722692236,1,0,0,0,1,0,1,1,0,0,1,0,0,0,1,0,0,0,0,0,0,0,0,1,0,1,0,0
1128,0.36619718309859156,0.01145418326693226,0.06000893025004699,1,0,0,0,1,0,0,0,1,1,0,1,0,1,0,1,0,1,0,1,0,0,0,1,0,1,0,0
5754,0.295774647887324,0.007968127490039834,0.05110805602556871,0,0,1,1,1,0,0,0,1,1,0,1,0,1,0,1,0,1,0,1,0,0,0,0,0,0,0,0
768,0.5633802816901409,0.5577689243027888,0.3607351005828163,1,0,0,0,1,0,0,1,0,0,0,0,0,0,0,0,1,0,0,0,0,0,0,1,0,1,0,0
3941,0.08450704225352114,0.019920318725099584,0.018283511938334274,1,0,1,1,1,0,0,0,1,1,0,1,0,1,0,1,0,1,0,1,0,0,0,1,0,0,0,0
5601,0.47887323943661975,0.22559760956175295,0.16033323933070126,0,0,1,1,0,1,0,0,0,0,0,0,0,0,0,0,1,0,1,0,0,1,0,0,0,0,1,0
6059,0.5352112676056339,0.21962151394422308,0.18933305132543712,0,0,0,0,0,1,0,0,0,0,1,0,1,0,0,0,1,0,0,0,0,1,0,1,0,0,0,0
4318,0.7746478873239437,0.5727091633466135,0.5012161590524534,1,0,0,0,1,0,0,0,0,0,0,0,1,0,0,0,1,0,1,0,1,1,0,1,0,0,0,0
6538,0.014084507042253521,0.6135458167330676,0.015669063733784547,1,0,0,0,1,0,0,1,0,0,0,0,0,0,1,0,1,0,0,0,0,0,0,1,0,1,0,1
515,0.5492957746478874,0.8620517928286853,0.4832734066553863,1,0,0,0,1,0,1,1,0,0,0,0,0,0,1,0,1,0,1,0,1,0,0,0,0,0,0,1
4065,0.0,0.014940239043824688,7.637713855987958e-05,1,0,0,0,1,0,0,0,1,1,0,1,0,1,0,1,0,1,0,1,0,0,0,0,0,0,1,1
5857,0.22535211267605634,0.6972111553784861,0.1693868678322993,0,0,1,1,1,0,1,1,0,0,0,0,0,0,1,0,0,0,1,0,0,0,0,0,0,1,0,1
6985,0.5070422535211268,0.21862549800796816,0.17698933070125963,1,0,1,1,0,1,0,0,0,0,1,0,0,0,1,0,1,0,0,0,0,1,0,1,0,1,0,0
1570,0.3098591549295775,0.021414342629482053,0.05401038729084414,0,0,1,1,1,0,0,0,1,1,0,1,0,1,0,1,0,1,0,1,0,0,1,0,0,0,0,0
653,0.22535211267605634,0.06523904382470119,0.053599125775521714,0,0,0,0,1,0,1,0,1,1,0,1,0,1,0,1,0,1,0,1,0,0,0,0,0,0,1,0
5073,0.295774647887324,0.3107569721115538,0.1189485805602557,0,0,0,1,0,1,0,0,0,0,0,0,0,0,1,0,0,0,1,0,1,1,0,1,1,0,0,0
2001,0.056338028169014086,0.018924302788844605,0.011615200225606317,0,0,0,0,1,0,0,0,1,1,0,1,0,1,0,1,0,1,0,1,0,0,0,0,0,0,1,0
3977,0.8732394366197184,0.9148406374501992,0.7856974995299868,1,0,1,0,1,0,0,1,0,0,1,0,1,0,1,0,1,0,1,0,1,0,1,1,1,0,0,0
2268,0.5492957746478874,0.02340637450199204,0.09496615905245347,0,0,0,0,1,0,0,0,1,1,0,1,0,1,0,1,0,1,0,1,0,0,1,1,0,0,0,0
3021,0.056338028169014086,0.016932270916334646,0.01033441436360218,1,0,0,0,1,0,0,0,1,1,0,1,0,1,0,1,0,1,0,1,0,0,0,0,0,0,1,0
2719,0.7746478873239437,0.5413346613545815,0.4776802500470013,0,1,1,1,1,0,0,0,0,0,1,0,0,0,0,0,1,0,1,0,1,0,1,1,1,0,0,0
6539,0.35211267605633806,0.545816733067729,0.22800338409475465,0,0,1,0,1,0,0,0,0,0,0,0,1,0,0,0,1,0,1,0,1,0,0,1,0,1,0,0
3356,0.04225352112676056,0.3247011952191235,0.025903600300808426,0,0,1,1,1,0,1,0,0,0,0,0,0,0,0,0,0,0,0,0,0,0,0,0,0,0,1,1
5022,0.9859154929577465,0.9068725099601593,0.9122661684527167,1,0,1,1,1,0,0,1,0,0,1,0,1,0,1,0,1,0,1,0,1,0,1,0,1,0,0,0
1393,0.0,0.02091633466135459,0.00014687911261515325,0,0,0,0,1,0,0,0,1,1,0,1,0,1,0,1,0,1,0,1,0,0,0,0,0,0,1,0
1021,0.3802816901408451,0.35956175298804777,0.1653682553111487,1,0,1,0,1,0,0,0,0,0,1,0,0,0,0,0,1,0,0,0,0,1,0,0,0,0,1,0
5821,0.9577464788732395,0.08017928286852588,0.20497861440120324,0,0,1,0,1,0,1,0,1,1,0,1,0,1,0,1,0,1,0,1,0,1,0,1,0,1,0,0
5207,0.323943661971831,0.2231075697211155,0.10742150780221846,0,1,1,0,0,1,0,0,0,0,0,0,0,0,1,0,0,0,0,0,1,0,0,1,1,0,0,1
1283,1.0,0.8690239043824701,0.8842005076142132,0,0,1,0,1,0,1,1,0,0,1,0,0,0,1,0,0,0,1,0,1,0,1,1,0,1,0,0
6753,0.7746478873239437,0.5029880478087649,0.44607774017672497,0,0,1,1,1,0,1,0,0,0,1,0,1,0,0,0,0,0,0,0,1,1,0,0,0,0,0,0
1435,0.9014084507042254,0.9078685258964145,0.8470048411355517,0,1,1,0,1,0,1,1,0,0,1,0,1,0,1,0,0,0,1,0,1,0,0,1,1,0,0,0
3760,0.02816901408450704,0.5512948207171313,0.02507520210565896,1,0,0,0,1,0,0,1,0,0,0,0,0,0,1,0,0,0,0,0,0,0,0,1,1,0,0,0
2502,0.971830985915493,0.07768924302788843,0.21588879488625684,0,0,0,0,1,0,1,0,1,1,0,1,0,1,0,1,0,1,0,1,0,1,0,0,1,0,0,0
4123,0.46478873239436624,0.5308764940239044,0.2829772983643542,1,1,1,0,1,0,0,1,0,0,0,0,0,0,0,0,0,0,0,0,0,0,0,0,1,0,0,0
5043,0.25352112676056343,0.720617529880478,0.19281114871216395,1,1,0,0,1,0,1,1,0,0,1,0,0,0,0,0,0,0,1,0,0,0,0,1,0,1,0,1
5021,0.3098591549295775,0.6334661354581672,0.21053652002256062,0,0,1,1,1,0,1,1,0,0,1,0,0,0,0,0,0,0,0,0,0,1,0,0,1,0,0,0
5198,0.647887323943662,0.6185258964143425,0.44730564955818763,0,1,1,0,1,0,1,1,0,0,1,0,0,0,0,0,0,0,0,0,0,0,0,0,0,1,0,1
4557,0.7323943661971831,0.36503984063745015,0.3556413329573228,1,0,0,0,0,1,0,0,0,0,0,0,0,0,1,0,1,0,1,0,1,1,0,0,1,0,0,0
337,0.943661971830986,0.6962151394422311,0.7202187911261515,0,0,0,0,1,0,1,0,0,0,1,0,1,0,1,0,1,0,1,0,1,0,1,1,0,1,0,0
3696,0.07042253521126761,0.3077689243027888,0.029575578116187256,0,0,1,0,1,0,0,0,0,0,0,0,0,0,0,0,1,0,0,0,0,0,0,1,0,1,0,1
6255,0.9577464788732395,0.9193227091633467,0.8919674750893025,1,1,1,0,1,0,1,1,0,0,1,0,0,0,1,0,1,0,1,0,1,1,0,1,0,0,1,0
3373,0.014084507042253521,0.5697211155378485,0.01636820830983268,0,1,0,0,1,0,1,1,0,0,0,0,0,0,0,0,0,0,0,0,0,0,0,1,0,0,1,1
1968,0.7323943661971831,0.8172310756972112,0.6088667982703516,0,0,0,0,1,0,0,1,0,0,0,0,1,0,1,0,0,0,1,0,1,1,0,1,0,0,1,0
42,0.22535211267605634,0.02490039840637448,0.046901438240270724,0,0,1,1,1,0,0,0,1,1,0,1,0,1,0,1,0,1,0,1,0,1,0,0,0,0,1,0
5653,0.08450704225352114,0.6050796812749004,0.059204032712915966,0,0,0,0,1,0,0,1,0,0,0,0,0,0,0,0,0,0,1,0,0,0,0,1,0,1,0,1
4560,0.11267605633802817,0.7181274900398407,0.08798646362098138,1,0,1,1,1,0,1,1,0,0,0,0,0,0,1,0,0,0,1,0,0,1,0,1,0,1,0,0
3010,0.5211267605633804,0.6195219123505977,0.36937746756909196,1,1,0,1,1,0,1,1,0,0,1,0,0,0,0,0,0,0,0,0,0,0,0,1,0,0,1,0
312,0.5915492957746479,0.9641434262948207,0.5729460424891898,0,0,0,0,1,0,1,1,0,0,1,0,1,0,1,0,1,0,1,0,1,0,1,0,1,0,0,0
3566,0.7323943661971831,0.6608565737051793,0.5206159522466629,0,0,0,1,1,0,1,0,0,0,0,0,1,0,1,0,1,0,1,0,1,1,0,1,0,1,0,0
6544,0.5774647887323944,0.8615537848605579,0.5057752867080278,0,1,0,0,1,0,1,1,0,0,0,0,1,0,1,0,0,0,1,0,1,0,0,1,0,0,0,1
5245,0.971830985915493,0.018924302788844605,0.16357633013724385,0,0,1,1,1,0,0,0,1,1,0,1,0,1,0,1,0,1,0,1,0,0,1,1,1,0,0,0
1540,0.8732394366197184,0.6180278884462151,0.5730929216018049,1,0,1,1,1,0,0,1,0,0,0,0,1,0,1,0,0,0,0,0,0,0,0,1,1,0,0,0
4996,0.647887323943662,0.5557768924302788,0.40858244030832863,0,0,0,0,1,0,1,0,0,0,1,0,1,0,0,0,1,0,0,0,1,0,1,0,0,0,1,0
6572,0.943661971830986,0.722609561752988,0.7383612991163753,1,0,1,0,1,0,1,0,0,0,1,0,1,0,1,0,1,0,1,0,1,0,1,1,1,0,0,0
2034,0.5633802816901409,0.41882470119521903,0.29284169956758793,1,0,1,1,1,0,0,0,0,0,1,0,1,0,1,0,0,0,0,0,0,1,0,1,0,0,0,0
6683,0.5915492957746479,0.25796812749003983,0.22468979131415678,1,0,0,0,0,1,0,0,0,0,0,0,0,0,1,0,1,0,0,0,1,1,0,0,0,1,0,0
743,0.8450704225352113,0.05826693227091634,0.18007379206617785,0,0,1,1,1,0,1,0,1,1,0,1,0,1,0,1,0,1,0,1,0,0,1,1,0,0,1,0
5713,0.676056338028169,0.6284860557768923,0.47492479789434106,1,1,0,0,1,0,1,0,0,0,1,0,1,0,1,0,1,0,0,0,1,0,1,0,1,0,0,0
3289,0.5633802816901409,0.6997011952191234,0.4260610547095319,0,0,0,1,1,0,1,1,0,0,0,0,1,0,0,0,0,0,1,0,0,0,0,1,0,0,0,0
5728,0.16901408450704225,0.7086653386454183,0.13081053769505546,0,0,0,0,1,0,1,1,0,0,0,0,1,0,1,0,1,0,0,0,0,0,0,0,0,1,0,1
6150,0.4366197183098592,0.7250996015936255,0.33516638465877047,1,0,0,0,1,0,0,1,0,0,0,0,0,0,0,0,0,0,1,0,1,0,0,0,0,1,0,0
3795,0.15492957746478872,0.6294820717131475,0.10491868772325626,1,0,0,0,1,0,0,1,0,0,0,0,0,0,0,0,0,0,1,0,0,0,0,1,0,1,0,0
2532,0.5633802816901409,0.825199203187251,0.46967240082722317,0,1,0,0,1,0,0,1,0,0,0,0,0,0,1,0,1,0,1,0,1,1,0,1,0,0,0,0
3894,0.943661971830986,0.9995019920318724,0.9366128501598046,0,0,1,0,1,0,1,1,0,0,1,0,1,0,1,0,1,0,1,0,1,0,1,0,0,0,1,0
6138,0.9295774647887325,0.6533864541832668,0.6544580748260952,1,1,1,0,1,0,1,1,0,0,1,0,1,0,0,0,0,0,0,0,0,0,0,0,0,0,0,0
5082,0.28169014084507044,0.015438247011952178,0.03889358902049257,1,0,1,1,1,0,0,0,1,1,0,1,0,1,0,1,0,1,0,1,0,1,0,0,0,0,1,0
4830,0.7464788732394366,0.5607569721115537,0.49026485241586765,1,0,1,0,1,0,0,0,0,0,1,0,1,0,0,0,0,0,1,0,1,0,1,1,0,0,0,0
6503,0.971830985915493,0.41932270916334663,0.48406655386350816,1,0,1,1,0,1,0,0,0,0,0,0,1,0,1,0,1,0,1,0,1,1,0,0,0,1,0,0
1499,0.8873239436619719,0.7569721115537849,0.7123401955254747,1,1,1,0,1,0,1,1,0,0,0,0,1,0,1,0,0,0,0,0,1,0,0,1,0,1,0,0
6962,0.36619718309859156,0.8266932270916334,0.32141262455348746,0,1,1,0,1,0,0,1,0,0,1,0,0,0,1,0,0,0,1,0,1,0,0,1,0,1,0,1
2242,0.6056338028169015,0.06573705179282868,0.1168570219966159,1,0,1,1,1,0,1,0,1,1,0,1,0,1,0,1,0,1,0,1,0,1,0,0,0,1,0,0
5111,0.647887323943662,0.6698207171314741,0.4727392366986276,1,1,0,0,1,0,0,1,0,0,1,0,0,0,0,0,0,0,0,0,1,0,0,0,0,0,1,1
364,0.23943661971830985,0.5742031872509961,0.15909357962022935,1,0,0,0,1,0,0,1,0,0,0,0,0,0,0,0,1,0,0,0,0,0,0,1,0,0,0,0
1626,0.26760563380281693,0.40786852589641437,0.1377256063169769,1,0,0,0,1,0,1,0,0,0,1,0,0,0,0,0,1,0,0,0,0,0,0,0,0,0,0,0
3330,0.7042253521126761,0.7923306772908365,0.5750846023688664,1,1,0,0,1,0,1,1,0,0,0,0,0,0,1,0,0,0,1,0,1,0,0,1,0,1,0,1
3616,0.9577464788732395,0.6877490039840637,0.7093027354765934,0,1,1,0,1,0,0,1,0,0,1,0,1,0,0,0,0,0,0,0,1,1,0,0,1,0,0,0
3467,0.056338028169014086,0.7285856573705181,0.050602791878172584,1,1,0,0,1,0,0,1,0,0,0,0,0,0,0,0,0,0,1,0,1,0,0,1,0,1,0,1
4631,0.056338028169014086,0.7395418326693226,0.05094942658394435,1,0,0,0,1,0,1,1,0,0,0,0,0,0,1,0,0,0,1,0,0,0,0,1,0,1,0,1
3864,0.4084507042253521,0.8162350597609562,0.34836200413611584,0,0,0,0,1,0,1,1,0,0,0,0,1,0,0,0,0,0,1,0,1,0,0,1,0,1,0,1
2015,0.3802816901408451,0.3152390438247012,0.16346470201165633,0,0,1,1,1,0,1,0,0,0,0,0,0,0,0,0,0,0,0,0,0,0,0,0,0,0,1,0
487,1.0,0.7006972111553784,0.7265052171460801,1,0,0,0,1,0,1,0,0,0,0,0,1,0,1,0,1,0,1,0,1,0,1,1,0,0,0,0
4105,0.9295774647887325,0.8809760956175299,0.8213949990599737,0,0,1,1,1,0,1,1,0,0,1,0,0,0,0,0,1,0,1,0,1,0,1,0,1,0,0,0
1324,0.04225352112676056,0.02091633466135459,0.006727063357774017,0,0,1,1,1,0,0,0,1,1,0,1,0,1,0,1,0,1,0,1,0,0,0,0,0,0,1,1
2133,0.0,0.5209163346613546,0.006045544275239706,0,1,0,0,1,0,0,1,0,0,0,0,0,0,0,0,0,0,0,0,0,0,0,1,0,1,0,1
5251,0.056338028169014086,0.5059760956175299,0.0351804850535815,0,1,0,0,1,0,0,1,0,0,0,0,0,0,0,0,0,0,0,0,0,0,0,1,0,0,1,1
166,0.04225352112676056,0.5244023904382471,0.029834085354389927,0,0,0,0,1,0,0,1,0,0,0,0,0,0,0,0,0,0,0,0,0,0,0,1,0,0,0,1
369,1.0,0.9397410358565736,0.9526637995863884,1,0,1,1,1,0,1,1,0,0,1,0,1,0,1,0,1,0,1,0,1,0,1,1,1,0,0,0
1305,0.3802816901408451,0.4113545816733067,0.1912189791314157,0,0,0,0,1,0,0,0,0,0,0,0,0,0,1,0,0,0,1,0,0,0,0,1,0,0,0,0
1232,0.46478873239436624,0.5981075697211156,0.2990693739424704,1,0,1,1,1,0,0,1,0,0,0,0,0,0,0,0,0,0,1,0,0,0,0,0,0,1,0,1
6007,0.5352112676056339,0.36454183266932266,0.2552876480541455,1,0,0,1,0,1,0,0,0,0,0,0,0,0,1,0,1,0,1,0,1,1,0,0,0,0,0,0
1424,0.6619718309859155,0.016932270916334646,0.10782101898853168,0,0,0,1,1,0,0,0,1,1,0,1,0,1,0,1,0,1,0,1,0,1,0,0,0,0,1,0
560,0.7746478873239437,0.8864541832669324,0.7066882872720437,1,0,1,0,1,0,1,1,0,0,0,0,1,0,0,0,1,0,1,0,1,1,0,1,0,1,0,0
1537,1.0,0.6045816733067728,0.6710671648806166,0,0,1,1,1,0,1,0,0,0,0,0,1,0,0,0,1,0,1,0,1,0,1,1,0,1,0,0
5143,0.676056338028169,0.6867529880478087,0.5083074826095131,0,0,1,1,1,0,0,0,0,0,1,0,1,0,1,0,1,0,1,0,1,1,0,1,0,0,1,0
4114,0.7042253521126761,0.016932270916334646,0.11863719684151156,0,0,1,1,1,0,0,0,1,1,0,1,0,1,0,1,0,1,0,1,0,0,1,0,0,0,1,0
6986,0.4084507042253521,0.7554780876494023,0.3272877890580936,0,0,1,0,1,0,1,1,0,0,0,0,1,0,0,0,1,0,1,0,0,0,0,1,1,0,0,1
6143,0.6901408450704226,0.02091633466135459,0.10808540139123896,1,0,1,1,1,0,0,0,1,1,0,1,0,1,0,1,0,1,0,1,0,1,0,1,0,0,1,0
1421,0.11267605633802817,0.6588645418326693,0.08382684715172024,1,1,0,0,1,0,1,1,0,0,0,0,0,0,0,0,0,0,0,0,1,0,0,1,1,0,0,1
4959,0.0,0.018924302788844605,0.00012337845459672826,0,0,1,1,1,0,0,0,1,1,0,1,0,1,0,1,0,1,0,1,0,0,0,1,1,0,0,1
2121,0.0,0.021912350597609542,0.0001586294416243651,1,0,0,0,1,0,0,0,1,1,0,1,0,1,0,1,0,1,0,1,0,0,0,0,0,0,1,0
1830,0.4366197183098592,0.022410358565737032,0.07963197969543147,1,0,0,1,1,0,0,0,1,1,0,1,0,1,0,1,0,1,0,1,0,0,1,0,0,0,1,0
5741,0.25352112676056343,0.8137450199203187,0.22474266779469826,1,0,0,0,1,0,1,1,0,0,0,0,1,0,0,0,0,0,1,0,1,0,0,1,0,1,0,1
1582,0.7746478873239437,0.4676294820717131,0.4104448674562888,0,0,1,1,1,0,1,0,0,0,1,0,0,0,0,0,0,0,1,0,0,1,0,0,0,0,0,0
178,0.19718309859154928,0.8675298804780875,0.1809726922353826,0,0,1,1,1,0,1,1,0,0,0,0,1,0,1,0,0,0,1,0,1,0,0,1,0,0,0,0
5870,0.056338028169014086,0.07619521912350596,0.013618631321677005,1,0,1,1,1,0,1,0,1,1,0,1,0,1,0,1,0,1,0,1,0,0,0,1,0,0,0,1
5793,0.18309859154929578,0.37101593625498,0.08794533746944914,1,0,0,0,1,0,1,0,0,0,0,0,1,0,0,0,0,0,0,0,0,0,0,1,1,0,0,0
1157,0.8591549295774649,0.7938247011952191,0.6953198439556307,0,1,1,0,1,0,1,1,0,0,0,0,1,0,1,0,0,0,1,0,0,1,0,1,1,0,0,0
5330,0.1267605633802817,0.7395418326693226,0.10751551043429217,1,1,1,0,1,0,0,1,0,0,0,0,1,0,1,0,1,0,1,0,0,0,0,1,0,0,1,1
2281,0.2112676056338028,0.4676294820717131,0.12035274487685654,0,0,0,0,1,0,1,0,0,0,0,0,0,0,1,0,0,0,0,0,1,0,0,1,1,0,0,1
3304,0.9577464788732395,0.9133466135458168,0.8948051795450273,1,1,1,0,1,0,1,1,0,0,0,0,1,0,1,0,1,0,1,0,1,0,1,1,0,1,0,0
4916,0.014084507042253521,0.6105577689243027,0.015586811430720061,0,0,0,0,1,0,1,1,0,0,0,0,1,0,0,0,0,0,0,0,0,0,0,0,0,1,0,0
5552,0.295774647887324,0.019920318725099584,0.055126668546719305,1,0,1,1,1,0,0,0,1,1,0,1,0,1,0,1,0,1,0,1,0,1,0,0,0,0,0,0
2369,0.8873239436619719,0.8067729083665338,0.7673376104530927,1,0,0,0,1,0,1,1,0,0,1,0,0,0,1,0,1,0,0,0,1,0,1,0,1,0,0,0
2734,0.14084507042253522,0.019920318725099584,0.022196371498401958,1,0,0,0,1,0,0,0,1,1,0,1,0,1,0,1,0,1,0,1,0,0,0,0,0,0,1,0
1580,0.28169014084507044,0.5323705179282869,0.17366398759165255,0,1,1,0,1,0,1,0,0,0,0,0,1,0,1,0,0,0,0,0,1,1,0,0,0,0,0,0
1656,0.7323943661971831,0.722609561752988,0.5760128783605941,0,0,0,0,1,0,1,1,0,0,1,0,1,0,1,0,0,0,0,0,0,0,0,0,0,1,0,0
4754,0.943661971830986,0.0697211155378486,0.2008248730964467,1,0,1,0,1,0,1,0,1,1,0,1,0,1,0,1,0,1,0,1,0,0,1,0,0,0,0,0
4142,0.9295774647887325,0.4208167330677291,0.45249341981575486,0,0,0,0,1,0,0,0,0,0,1,0,1,0,0,0,1,0,0,0,0,1,0,0,1,0,0,0
6968,0.295774647887324,0.5592629482071714,0.19664175596916714,0,1,0,0,1,0,1,1,0,0,0,0,0,0,0,0,0,0,0,0,0,0,0,1,0,0,0,1
2562,0.9154929577464789,0.32171314741035856,0.39310138183869153,1,0,1,1,0,1,0,0,0,0,0,0,0,0,0,0,1,0,1,0,1,0,1,0,0,0,0,0
3384,0.04225352112676056,0.5527888446215139,0.03599713291972175,0,0,1,1,1,0,0,1,0,0,0,0,0,0,1,0,0,0,0,0,0,0,0,1,0,1,0,1
391,0.36619718309859156,0.6628486055776892,0.26913541079150216,1,1,1,0,1,0,1,0,0,0,0,0,1,0,1,0,1,0,1,0,1,0,0,1,0,0,0,0
5006,0.19718309859154928,0.3730079681274901,0.10348514758413235,0,0,0,0,1,0,1,0,0,0,1,0,0,0,0,0,0,0,0,0,0,0,0,1,0,0,1,1
5853,0.8591549295774649,0.7753984063745019,0.7029458074826095,1,0,1,0,1,0,1,1,0,0,1,0,1,0,0,0,0,0,0,0,1,1,0,0,0,1,0,0
324,0.9577464788732395,0.4163346613545816,0.4885316788870088,1,0,0,0,0,1,0,0,0,0,1,0,1,0,0,0,1,0,1,0,1,0,1,1,0,0,0,0
1970,0.08450704225352114,0.625996015936255,0.06551395939086294,0,0,1,0,1,0,0,1,0,0,0,0,0,0,0,0,0,0,1,0,0,0,0,1,0,1,0,1
3184,0.9859154929577465,0.6479083665338645,0.690378830607257,0,0,1,0,1,0,1,0,0,0,0,0,1,0,1,0,1,0,1,0,1,0,1,1,1,0,0,0
3407,0.9295774647887325,0.017928286852589653,0.1461682177100959,0,1,1,0,1,0,0,0,1,1,0,1,0,1,0,1,0,1,0,1,0,0,1,1,0,0,0,0
6153,0.8309859154929577,0.02689243027888444,0.1470494923857868,1,0,1,1,1,0,0,0,1,1,0,1,0,1,0,1,0,1,0,1,0,0,1,1,0,0,0,0
5929,0.8591549295774649,0.7056772908366533,0.6579244218838127,1,1,1,0,1,0,1,1,0,0,1,0,1,0,1,0,0,0,0,0,0,0,0,1,0,1,0,0
2135,0.7746478873239437,0.8799800796812749,0.6903142037977064,0,0,0,0,1,0,1,1,0,0,1,0,1,0,0,0,0,0,1,0,1,0,0,1,1,0,0,0
6052,0.5633802816901409,0.5996015936254979,0.3651238484677571,0,0,1,1,1,0,0,0,0,0,1,0,1,0,0,0,1,0,1,0,1,0,1,0,0,1,0,0
6336,0.7887323943661972,0.5582669322709164,0.46992503290092125,1,0,1,1,1,0,1,1,0,0,0,0,0,0,0,0,0,0,0,0,0,0,0,1,0,1,0,0
4784,0.0,0.01294820717131473,5.287648054145503e-05,0,0,0,0,1,0,0,0,1,1,0,1,0,1,0,1,0,1,0,1,0,0,0,1,0,0,1,0
2588,0.09859154929577466,0.31025896414342624,0.0457264053393495,0,0,0,0,1,0,0,0,0,0,0,0,0,0,0,0,1,0,0,0,0,0,0,0,0,1,0,0
7037,1.0,0.028884462151394397,0.16453985711599925,0,0,0,0,1,0,0,0,1,1,0,1,0,1,0,1,0,1,0,1,0,0,1,1,0,0,0,0
5254,0.971830985915493,0.9611553784860558,0.9192517390486934,1,0,1,1,1,0,1,1,0,0,1,0,1,0,1,0,1,0,1,0,1,0,1,0,1,0,0,0
5598,0.7605633802816901,0.008964143426294785,0.11503572100018801,0,0,1,1,1,0,0,0,1,1,0,1,0,1,0,1,0,1,0,1,0,1,0,0,1,0,0,0
4131,0.0,0.019920318725099584,0.00013512878360594097,0,0,0,0,1,0,0,0,1,1,0,1,0,1,0,1,0,1,0,1,0,0,0,1,0,0,1,1
2571,0.5774647887323944,0.8182270916334662,0.5034487215642037,0,0,1,1,1,0,0,1,0,0,0,0,0,0,1,0,1,0,1,0,1,0,1,1,0,1,0,0
5406,0.9859154929577465,0.7863545816733069,0.8097386726828352,1,0,1,1,1,0,1,1,0,0,1,0,0,0,0,0,0,0,1,0,1,0,1,1,0,1,0,0
2913,0.7183098591549296,0.4546812749003984,0.38962328445196465,1,0,0,0,0,1,0,0,0,0,1,0,1,0,1,0,1,0,1,0,1,0,1,0,1,0,0,0
1110,0.8309859154929577,0.21264940239043822,0.28264241398759166,1,0,0,0,0,1,0,0,0,0,1,0,1,0,1,0,0,0,0,0,0,0,1,0,0,0,0,0
338,0.49295774647887325,0.7624501992031871,0.41673129347621735,0,0,0,0,1,0,0,1,0,0,0,0,1,0,0,0,0,0,1,0,1,0,0,1,1,0,0,0
263,0.4225352112676057,0.3147410358565737,0.176372438428276,0,0,0,0,0,1,0,0,0,0,1,0,1,0,0,0,1,0,0,0,1,0,1,1,0,0,0,0
6142,0.5774647887323944,0.3187250996015936,0.2566918123707464,0,0,1,0,1,0,1,0,0,0,0,0,0,0,0,0,0,0,0,0,0,0,0,1,0,1,0,1
7024,0.6056338028169015,0.6628486055776892,0.4238637431848092,1,0,1,0,1,0,1,1,0,0,1,0,0,0,1,0,0,0,0,0,0,0,0,1,1,0,0,0
1131,0.18309859154929578,0.4626494023904382,0.1083262831359278,0,0,1,0,1,0,1,0,0,0,1,0,0,0,0,0,0,0,1,0,0,0,0,1,0,0,0,1
5836,0.07042253521126761,0.008964143426294785,0.012373096446700508,1,0,0,0,1,0,0,0,1,1,0,1,0,1,0,1,0,1,0,1,0,1,0,0,0,0,1,0
4583,0.9859154929577465,0.7156374501992031,0.7393072006016168,0,0,1,0,1,0,1,0,0,0,1,0,1,0,1,0,1,0,1,0,1,0,1,0,0,1,0,0
6852,0.6056338028169015,0.4347609561752988,0.3413411825531115,1,0,1,1,1,0,0,0,0,0,0,0,1,0,1,0,1,0,0,0,0,0,0,1,0,0,1,0
3350,0.0,0.25796812749003983,0.0029434574168076704,1,0,0,0,1,0,0,0,0,0,0,0,0,0,0,0,0,0,0,0,0,0,0,1,0,0,1,1
5000,0.07042253521126761,0.3112549800796813,0.03449896597104719,1,0,0,0,1,0,0,0,0,0,0,0,0,0,0,0,1,0,0,0,0,0,0,1,1,0,0,0
883,0.9295774647887325,0.9262948207171315,0.880399276179733,0,0,1,0,1,0,1,1,0,0,1,0,0,0,1,0,1,0,1,0,1,1,0,1,0,1,0,0
99,0.33802816901408456,0.7993027888446216,0.2932177100958827,0,1,1,0,1,0,0,1,0,0,0,0,1,0,1,0,0,0,1,0,1,0,0,1,0,1,0,1
4350,0.4507042253521127,0.2619521912350597,0.16961599924797893,1,0,1,0,1,0,0,0,0,0,0,0,0,0,0,0,0,0,0,0,0,0,0,1,1,0,0,0
334,0.014084507042253521,0.6210159362549801,0.01606269975559316,0,0,0,0,1,0,1,1,0,0,0,0,0,0,1,0,0,0,0,0,0,0,0,0,0,0,1,1
1987,0.33802816901408456,0.7061752988047809,0.2630487403647302,0,0,1,1,1,0,0,1,0,0,0,0,1,0,1,0,0,0,1,0,0,0,0,1,0,0,0,1
3810,0.0,0.2619521912350597,0.0029904587328445195,1,0,1,1,1,0,0,0,0,0,0,0,0,0,0,0,0,0,0,0,0,0,0,0,0,1,0,0
5413,0.19718309859154928,0.7544820717131473,0.1746510152284264,0,0,0,0,1,0,0,1,0,0,0,0,0,0,1,0,0,0,1,0,1,0,0,1,1,0,0,0
1258,0.647887323943662,0.018924302788844605,0.1206876292536191,0,0,0,0,1,0,0,0,1,1,0,1,0,1,0,1,0,1,0,1,0,0,1,0,0,0,1,0
1053,0.056338028169014086,0.21165338645418325,0.022519505546155293,0,0,0,0,0,1,0,0,0,0,0,0,0,0,1,0,0,0,0,0,1,0,0,0,0,1,0,1
6716,0.02816901408450704,0.5562749003984062,0.02454643730024441,0,0,1,0,1,0,1,1,0,0,0,0,0,0,0,0,0,0,0,0,0,0,0,1,1,0,0,1
711,0.26760563380281693,0.625,0.19559597668734724,0,0,1,0,1,0,0,1,0,0,0,0,0,0,1,0,1,0,0,0,0,0,0,1,0,0,1,0
2425,0.35211267605633806,0.0204183266932271,0.05782924421883812,1,0,0,0,1,0,0,0,1,1,0,1,0,1,0,1,0,1,0,1,0,0,0,1,0,1,0,0
713,0.18309859154929578,0.674800796812749,0.13453539199097575,0,0,0,1,1,0,1,1,0,0,1,0,0,0,0,0,1,0,0,0,0,0,0,1,0,0,1,0
3140,0.18309859154929578,0.5796812749003983,0.12907148900169205,1,0,0,0,1,0,0,1,0,0,0,0,0,0,1,0,0,0,0,0,0,0,0,0,0,1,0,0
3067,0.07042253521126761,0.6588645418326693,0.06312864260199286,1,0,0,0,1,0,0,1,0,0,0,0,1,0,0,0,0,0,0,0,1,0,0,1,0,1,0,1
5869,0.6056338028169015,0.7584661354581674,0.5024734442564393,0,0,1,1,1,0,1,1,0,0,0,0,1,0,1,0,0,0,0,0,1,1,0,0,0,1,0,0
2447,0.08450704225352114,0.5642430278884463,0.05539692611393119,1,0,0,0,1,0,0,1,0,0,0,0,0,0,1,0,0,0,0,0,0,0,0,1,0,1,0,0
1253,0.08450704225352114,0.6080677290836654,0.05922753337093438,0,0,0,0,1,0,0,1,0,0,0,0,0,0,0,0,0,0,0,0,1,0,0,1,0,1,0,1
1557,0.15492957746478872,0.4880478087649402,0.09555367550291408,1,0,0,0,1,0,1,0,0,0,1,0,1,0,0,0,1,0,0,0,0,0,0,1,0,1,0,0
4010,0.0,0.021414342629482053,0.00015275427711975917,0,0,0,0,1,0,0,0,1,1,0,1,0,1,0,1,0,1,0,1,0,0,0,0,0,0,1,0
3518,0.0,0.01195219123505975,4.112615153224275e-05,1,0,0,0,1,0,0,0,1,1,0,1,0,1,0,1,0,1,0,1,0,0,0,0,0,0,1,0
5958,0.14084507042253522,0.3665338645418326,0.0692153130287648,1,0,1,0,1,0,0,0,0,0,0,0,0,0,0,0,0,0,1,0,0,0,0,1,0,0,0,0
5883,0.16901408450704225,0.0204183266932271,0.030116093250611018,0,0,0,0,1,0,0,0,1,1,0,1,0,1,0,1,0,1,0,1,0,0,0,1,0,0,1,0
6527,0.07042253521126761,0.36902390438247007,0.0358561289716112,1,0,1,1,1,0,0,0,0,0,0,0,1,0,1,0,0,0,0,0,0,0,0,1,0,0,1,1
280,0.07042253521126761,0.3675298804780876,0.03569749952998683,0,0,0,0,1,0,0,0,0,0,1,0,1,0,0,0,0,0,0,0,0,0,0,0,0,0,1,0
4448,0.4084507042253521,0.8112549800796813,0.34642907501410036,0,1,0,0,1,0,1,1,0,0,0,0,1,0,0,0,0,0,1,0,1,0,0,1,0,1,0,1
3165,0.323943661971831,0.019920318725099584,0.04942775897725136,1,0,1,1,1,0,0,0,1,1,0,1,0,1,0,1,0,1,0,1,0,1,0,0,0,0,1,0
2227,0.8028169014084507,0.01294820717131473,0.12804333521338596,1,0,1,1,1,0,0,0,1,1,0,1,0,1,0,1,0,1,0,1,0,1,0,1,0,1,0,0
5700,0.3943661971830986,0.6080677290836654,0.28147325625117503,1,1,1,0,1,0,1,1,0,0,0,0,0,0,0,0,1,0,0,0,0,0,0,1,0,1,0,0
3051,0.9859154929577465,0.7136454183266934,0.7430438052265463,0,0,1,1,1,0,1,0,0,0,1,0,1,0,1,0,1,0,1,0,1,0,1,0,0,0,0,0
1895,0.943661971830986,0.6797808764940239,0.6889981669486746,1,0,0,1,1,0,1,0,0,0,1,0,1,0,0,0,1,0,1,0,1,0,1,1,0,0,0,0
1669,0.09859154929577466,0.5612549800796811,0.06225324309080654,0,0,0,0,1,0,1,1,0,0,0,0,0,0,0,0,0,0,0,0,0,0,0,1,1,0,0,0
17,0.9859154929577465,0.8809760956175299,0.8651943504418124,1,0,0,1,1,0,1,1,0,0,1,0,0,0,1,0,0,0,1,0,1,0,1,0,0,0,0,0
4447,0.943661971830986,0.8909362549800797,0.8579855235946606,1,0,1,0,1,0,1,1,0,0,1,0,1,0,0,0,1,0,1,0,1,0,0,1,0,1,0,0
4478,0.02816901408450704,0.3580677290836653,0.01425314908817447,0,0,0,0,1,0,0,0,0,0,0,0,0,0,0,0,0,0,1,0,0,0,0,1,0,1,0,0
5157,0.2112676056338028,0.49800796812749,0.1287542301184433,0,0,1,1,1,0,0,0,0,0,1,0,1,0,0,0,1,0,0,0,1,0,1,0,0,0,0,0
11,0.2112676056338028,0.006972111553784854,0.03615576236134612,1,0,0,0,1,0,0,0,1,1,0,1,0,1,0,1,0,1,0,1,0,0,1,0,1,0,0,0
5909,0.7183098591549296,0.6170318725099602,0.5027378266591465,0,0,0,0,1,0,1,1,0,0,0,0,1,0,0,0,0,0,0,0,0,1,0,1,0,0,1,0
1091,0.3943661971830986,0.5687250996015936,0.2614213197969543,1,0,0,0,1,0,0,0,0,0,0,0,0,0,1,0,1,0,1,0,1,1,0,1,0,0,0,0
349,0.8873239436619719,0.7843625498007969,0.7534075954126715,0,1,1,0,1,0,0,1,0,0,1,0,1,0,1,0,0,0,0,0,1,1,0,0,0,0,0,0
4539,0.9295774647887325,0.6120517928286853,0.6197476029328821,1,0,1,1,1,0,1,0,0,0,1,0,0,0,1,0,0,0,1,0,1,0,1,1,0,1,0,1
5255,0.4225352112676057,0.5756972111553784,0.2595295168264712,0,0,0,0,1,0,1,1,0,0,0,0,0,0,0,0,0,0,0,0,0,0,0,1,0,1,0,0
3480,0.971830985915493,0.015936254980079695,0.1662319044933258,1,0,1,0,1,0,0,0,1,1,0,1,0,1,0,1,0,1,0,1,0,0,1,0,1,0,0,0
4677,0.1267605633802817,0.8127490039840637,0.11418969731152472,1,0,1,0,1,0,0,1,0,0,0,0,1,0,0,0,1,0,1,0,1,0,0,1,0,1,0,1
3699,0.4084507042253521,0.5179282868525896,0.2561336717428088,0,0,1,0,1,0,0,0,0,0,0,0,1,0,1,0,1,0,0,0,1,1,0,0,0,0,0,0
2683,0.08450704225352114,0.6115537848605579,0.06880992667794698,0,0,0,0,1,0,1,1,0,0,1,0,0,0,0,0,0,0,0,0,0,0,0,1,0,0,1,1
5354,0.0,0.7081673306772907,0.00825460612897161,0,0,0,1,1,0,0,1,0,0,0,0,0,0,0,0,0,0,1,0,1,0,0,1,0,1,0,0
3648,0.7042253521126761,0.7161354581673307,0.532965548035345,0,0,1,1,1,0,1,1,0,0,0,0,0,0,1,0,0,0,0,0,1,1,0,1,0,1,0,0
4984,0.5774647887323944,0.4123505976095618,0.295808657642414,0,0,0,0,1,0,0,0,0,0,1,0,1,0,1,0,0,0,0,0,0,0,0,0,0,0,0,0
4722,0.8309859154929577,0.5169322709163346,0.49417183681143073,0,0,0,0,1,0,0,0,0,0,0,0,1,0,1,0,1,0,1,0,0,1,0,1,1,0,0,0
5349,0.9577464788732395,0.9571713147410359,0.8985124083474337,1,0,1,1,1,0,1,1,0,0,1,0,1,0,1,0,1,0,1,0,1,0,1,1,0,0,0,0
5122,0.36619718309859156,0.3147410358565737,0.15475770821583004,0,0,1,1,1,0,0,0,0,0,0,0,1,0,0,0,0,0,0,0,0,0,0,0,0,0,1,0
4865,0.08450704225352114,0.30428286852589637,0.03885833803346494,0,0,1,1,1,0,1,0,0,0,0,0,0,0,0,0,0,0,0,0,0,0,0,0,0,1,0,0
1092,0.971830985915493,0.4651394422310757,0.529252444068434,1,0,1,0,1,0,0,0,0,0,1,0,1,0,1,0,1,0,0,0,0,0,1,0,1,0,0,0
650,0.02816901408450704,0.5109561752988048,0.023876668546719312,0,0,0,0,1,0,0,1,0,0,0,0,0,0,0,0,0,0,0,0,0,0,0,1,0,0,0,1
4855,0.8873239436619719,0.8545816733067728,0.7739295450272607,1,0,1,0,1,0,0,1,0,0,1,0,1,0,0,0,1,0,1,0,1,0,1,1,1,0,0,0
2593,0.8591549295774649,0.0204183266932271,0.15005757661214514,0,0,1,1,1,0,0,0,1,1,0,1,0,1,0,1,0,1,0,1,0,0,1,0,0,0,0,0
6969,0.0,0.022410358565737032,0.00016450460612897145,1,0,0,0,1,0,0,0,1,1,0,1,0,1,0,1,0,1,0,1,0,0,0,0,0,0,1,1
4042,0.056338028169014086,0.3296812749003984,0.028576800150404213,1,0,0,0,1,0,0,0,0,0,0,0,1,0,0,0,0,0,0,0,0,0,0,1,0,1,0,0
5800,0.22535211267605634,0.6155378486055776,0.15587398947170522,0,0,0,0,1,0,1,1,0,0,0,0,0,0,1,0,0,0,0,0,0,0,0,0,0,0,0,0
2157,0.7042253521126761,0.8819721115537849,0.6438827787178041,1,0,1,0,1,0,1,1,0,0,0,0,1,0,1,0,0,0,1,0,1,1,0,1,0,0,0,0
2756,0.0,0.02689243027888444,0.00021738108667042648,0,0,0,0,1,0,0,0,1,1,0,1,0,1,0,1,0,1,0,1,0,0,0,0,0,0,1,1
3580,0.11267605633802817,0.5443227091633467,0.0742973303252491,0,0,0,1,1,0,0,0,0,0,0,0,0,0,1,0,1,0,1,0,1,0,0,1,0,0,1,1
4518,0.09859154929577466,0.6274900398406373,0.06660673998871969,1,1,0,0,1,0,1,1,0,0,0,0,0,0,1,0,0,0,0,0,0,0,0,1,0,1,0,1
834,0.04225352112676056,0.6035856573705178,0.03216065049821395,0,1,0,0,1,0,0,1,0,0,0,0,0,0,0,0,0,0,1,0,0,0,0,1,0,1,0,1
1402,0.23943661971830985,0.16683266932270913,0.06273500658018424,0,0,0,1,0,1,0,0,0,0,0,0,0,0,0,0,0,0,0,0,1,0,0,1,0,1,0,1
4157,0.14084507042253522,0.26842629482071717,0.055567305884564766,1,0,0,0,1,0,0,0,0,0,0,0,0,0,0,0,0,0,0,0,0,0,0,0,1,0,0,0
6212,0.19718309859154928,0.3237051792828685,0.07862145140063923,1,0,0,0,0,1,0,0,0,0,0,0,0,0,1,0,0,0,1,0,1,1,0,0,0,1,0,0
5470,0.9859154929577465,0.7091633466135459,0.7539187347245723,0,1,1,0,1,0,0,1,0,0,0,0,1,0,1,0,0,0,0,0,1,0,1,0,1,0,0,0
208,0.25352112676056343,0.8799800796812749,0.225059926677947,0,0,0,0,1,0,0,1,0,0,1,0,0,0,1,0,1,0,1,0,1,0,0,1,0,1,0,1
6249,0.02816901408450704,0.5602589641434264,0.023306777589772513,1,0,0,0,1,0,1,1,0,0,0,0,0,0,0,0,0,0,0,0,0,0,0,0,0,1,0,0
2918,0.09859154929577466,0.25,0.04139640909945478,1,1,1,0,0,1,0,0,0,0,0,0,1,0,1,0,0,0,0,0,1,0,0,1,0,0,1,0
2373,0.9154929577464789,0.31025896414342624,0.37985876104530925,0,0,1,1,1,0,0,0,0,0,0,0,0,0,0,0,1,0,0,0,0,1,0,1,1,0,0,0
4121,0.36619718309859156,0.7699203187250996,0.29271244594848655,1,1,1,0,1,0,1,1,0,0,0,0,1,0,1,0,0,0,0,0,1,0,0,1,0,1,0,1
